1700239984,634.0,794.0,869.0,747.0,3
1700239984,612.0,792.0,670.0,787.0,3
1700239984,594.0,691.0,556.0,803.0,3
1700239984,683.0,721.0,471.0,813.0,3
1700239984,662.0,738.0,450.0,814.0,3
1700239984,639.0,750.0,480.0,787.0,3
1700239984,698.0,785.0,489.0,779.0,3
1700239984,2696.0,1030.0,456.0,872.0,3
1700239984,2688.0,1039.0,456.0,872.0,3
1700239984,2677.0,1051.0,456.0,872.0,3
1700239984,2665.0,1062.0,456.0,872.0,3
1700239984,2651.0,1075.0,456.0,872.0,3
1700239984,2651.0,1071.0,456.0,872.0,3
1700239984,2656.0,1066.0,456.0,872.0,3
1700239984,2659.0,1064.0,456.0,872.0,3
1700239984,2209.0,1111.0,456.0,872.0,3
1700239984,2210.0,1110.0,456.0,872.0,3
1700239984,2211.0,1113.0,456.0,872.0,3
1700239984,2208.0,1112.0,456.0,872.0,3
1700239984,2206.0,1114.0,456.0,872.0,3
1700239984,2204.0,1113.0,456.0,872.0,3
1700239984,2201.0,1113.0,456.0,872.0,3
1700239984,2197.0,1114.0,456.0,872.0,3
1700239984,2195.0,1115.0,456.0,872.0,3
1700239984,2191.0,1116.0,456.0,872.0,3
1700239984,2189.0,1117.0,456.0,872.0,3
1700239984,2187.0,1117.0,456.0,872.0,3
1700239984,156.0,989.0,391.0,902.0,3
1700239984,154.0,988.0,391.0,902.0,3
1700239984,146.0,987.0,391.0,902.0,3
1700239984,2468.0,907.0,2577.0,908.0,3
1700239984,2508.0,928.0,2577.0,908.0,3
1700239985,2504.0,922.0,2577.0,908.0,3
1700239985,2495.0,915.0,2577.0,908.0,3
1700239985,2442.0,867.0,2577.0,908.0,3
1700239985,2484.0,908.0,2577.0,908.0,3
1700239986,2480.0,905.0,2577.0,908.0,3
1700239986,2470.0,902.0,2577.0,908.0,3
1700239986,2463.0,902.0,2577.0,908.0,3
1700239986,2462.0,901.0,2577.0,908.0,3
1700239986,2417.0,845.0,2577.0,908.0,3
1700239986,2455.0,894.0,2577.0,908.0,3
1700239986,2453.0,891.0,2577.0,908.0,3
1700239986,2408.0,838.0,2577.0,908.0,3
1700239986,2466.0,886.0,2577.0,908.0,3
1700239986,2471.0,882.0,2577.0,908.0,3
1700239986,2406.0,837.0,2577.0,908.0,3
1700239986,2405.0,837.0,2577.0,908.0,3
1700239986,2456.0,878.0,2577.0,908.0,3
1700239986,2407.0,837.0,2577.0,908.0,3
1700239986,2406.0,836.0,2577.0,908.0,3
1700239986,2408.0,835.0,2577.0,908.0,3
1700239986,2409.0,835.0,2577.0,908.0,3
1700239986,2410.0,836.0,2577.0,908.0,3
1700239986,2460.0,874.0,2579.0,918.0,3
1700239986,2413.0,835.0,2582.0,925.0,3
1700239986,2413.0,836.0,2585.0,925.0,3
1700239986,2415.0,835.0,2586.0,925.0,3
1700239986,2459.0,869.0,2586.0,925.0,3
1700239986,2417.0,835.0,2586.0,925.0,3
1700239986,2032.0,1016.0,2594.0,948.0,3
1700239986,2019.0,1021.0,2594.0,948.0,3
1700239986,2004.0,1025.0,2594.0,948.0,3
1700239986,1989.0,1029.0,2594.0,948.0,3
1700239986,1976.0,1032.0,2594.0,948.0,3
1700239986,1965.0,1034.0,2594.0,948.0,3
1700239986,1957.0,1035.0,2594.0,948.0,3
1700239986,1952.0,1037.0,2594.0,948.0,3
1700239986,1946.0,1038.0,2594.0,948.0,3
1700239986,1941.0,1040.0,2594.0,948.0,3
1700239986,1938.0,1041.0,2594.0,948.0,3
1700239986,1933.0,1043.0,2594.0,948.0,3
1700239986,1934.0,1045.0,2594.0,948.0,3
1700239986,1927.0,1048.0,2594.0,948.0,3
1700239986,1922.0,1050.0,2594.0,948.0,3
1700239986,1918.0,1052.0,2594.0,948.0,3
1700239986,1915.0,1054.0,2594.0,948.0,3
1700239986,1912.0,1055.0,2594.0,948.0,3
1700239986,1911.0,1057.0,2594.0,948.0,3
1700239986,1909.0,1058.0,2594.0,948.0,3
1700239986,1907.0,1060.0,2594.0,948.0,3
1700239986,1902.0,1058.0,2594.0,948.0,3
1700239986,1900.0,1056.0,2594.0,948.0,3
1700239986,1897.0,1055.0,2594.0,948.0,3
1700239986,1896.0,1056.0,2594.0,948.0,3
1700239986,1896.0,1058.0,2594.0,948.0,3
1700239986,1895.0,1058.0,2594.0,948.0,3
1700239986,1893.0,1059.0,2594.0,948.0,3
1700239986,1891.0,1060.0,2594.0,948.0,3
1700239986,1891.0,1060.0,2594.0,948.0,3
1700239986,2401.0,824.0,2594.0,948.0,3
1700239986,2419.0,851.0,2594.0,948.0,3
1700239986,2420.0,851.0,2594.0,948.0,3
1700239986,2420.0,852.0,2594.0,948.0,3
1700239986,2419.0,852.0,2594.0,948.0,3
1700239986,2419.0,852.0,2594.0,948.0,3
1700239986,2417.0,852.0,2594.0,948.0,3
1700239986,2416.0,852.0,2594.0,948.0,3
1700239986,2416.0,852.0,2594.0,948.0,3
1700239986,2415.0,852.0,2594.0,948.0,3
1700239986,2414.0,852.0,2594.0,948.0,3
1700239986,2413.0,852.0,2594.0,948.0,3
1700239986,2412.0,850.0,2594.0,948.0,3
1700239986,2412.0,850.0,2594.0,948.0,3
1700239986,2412.0,850.0,2594.0,948.0,3
1700239986,2410.0,854.0,2594.0,948.0,3
1700239986,2409.0,860.0,2594.0,948.0,3
1700239986,2406.0,864.0,2594.0,948.0,3
1700239986,2395.0,871.0,2594.0,948.0,3
1700239986,3020.0,753.0,2594.0,948.0,3
1700239986,2936.0,763.0,2594.0,948.0,3
1700239986,2739.0,784.0,2594.0,948.0,3
1700239986,2582.0,797.0,2594.0,948.0,3
1700239986,2491.0,813.0,2594.0,948.0,3
1700239986,2447.0,827.0,2594.0,948.0,3
1700239986,2430.0,837.0,2594.0,948.0,3
1700239986,2415.0,842.0,2594.0,948.0,3
1700239986,2404.0,841.0,2594.0,948.0,3
1700239986,2405.0,848.0,2594.0,948.0,3
1700239986,2404.0,851.0,2594.0,948.0,3
1700239986,2407.0,854.0,2594.0,948.0,3
1700239986,2410.0,856.0,2594.0,948.0,3
1700239986,2412.0,857.0,2594.0,948.0,3
1700239986,2411.0,857.0,2594.0,948.0,3
1700239986,2411.0,857.0,2594.0,948.0,3
1700239986,2410.0,858.0,2594.0,948.0,3
1700239986,2410.0,861.0,2594.0,948.0,3
1700239986,2409.0,865.0,2594.0,948.0,3
1700239986,2416.0,889.0,2594.0,948.0,3
1700239986,2413.0,832.0,2594.0,948.0,3
1700239986,3344.0,754.0,2594.0,948.0,3
1700239986,3359.0,753.0,2594.0,948.0,3
1700239986,2551.0,1087.0,2594.0,948.0,3
1700239986,2940.0,1003.0,2594.0,948.0,3
1700239986,2935.0,989.0,2594.0,948.0,3
1700239986,2769.0,1012.0,2594.0,948.0,3
1700239987,2654.0,1020.0,2594.0,948.0,3
1700239987,2578.0,996.0,2594.0,948.0,3
1700239987,2550.0,990.0,2594.0,948.0,3
1700239987,2528.0,1010.0,2594.0,948.0,3
1700239987,2609.0,1226.0,2594.0,948.0,3
1700239987,2876.0,1848.0,2594.0,948.0,3
1700239987,3012.0,2115.0,2594.0,948.0,3
1700239987,3048.0,2140.0,2594.0,948.0,3
1700239987,3038.0,2113.0,2594.0,948.0,3
1700239987,3020.0,2093.0,2594.0,948.0,3
1700239987,2598.0,1995.0,2594.0,948.0,3
1700239987,2920.0,2082.0,2594.0,948.0,3
1700239987,2734.0,2080.0,2594.0,948.0,3
1700239987,2867.0,2025.0,2594.0,948.0,3
1700239987,2655.0,1531.0,2594.0,948.0,3
1700239987,2509.0,1435.0,2594.0,948.0,3
1700239987,2462.0,1230.0,2594.0,948.0,3
1700239987,2435.0,1198.0,2594.0,948.0,3
1700239987,2429.0,1098.0,2594.0,948.0,3
1700239987,2404.0,1081.0,2594.0,948.0,3
1700239987,2425.0,1077.0,2594.0,948.0,3
1700239987,2391.0,1078.0,2594.0,948.0,3
1700239987,2408.0,1057.0,2594.0,948.0,3
1700239987,2419.0,1062.0,2594.0,948.0,3
1700239987,2376.0,1108.0,2594.0,948.0,3
1700239987,2377.0,1114.0,2594.0,948.0,3
1700239987,2396.0,1092.0,2594.0,948.0,3
1700239987,2399.0,1090.0,2594.0,948.0,3
1700239987,2401.0,1094.0,2594.0,948.0,3
1700239987,2405.0,1073.0,2594.0,948.0,3
1700239987,2440.0,1104.0,2594.0,948.0,3
1700239987,2441.0,1105.0,2594.0,948.0,3
1700239987,2437.0,1108.0,2594.0,948.0,3
1700239987,2438.0,1107.0,2594.0,948.0,3
1700239987,2482.0,1122.0,2594.0,948.0,3
1700239987,2395.0,1097.0,2594.0,948.0,3
1700239987,2391.0,1104.0,2594.0,948.0,3
1700239987,2577.0,1093.0,2594.0,948.0,3
1700239987,1899.0,1099.0,2594.0,948.0,3
1700239987,1898.0,1100.0,2594.0,948.0,3
1700239987,1898.0,1100.0,2594.0,948.0,3
1700239987,1896.0,1098.0,2594.0,948.0,3
1700239987,1895.0,1097.0,2594.0,948.0,3
1700239987,1872.0,1094.0,2594.0,948.0,3
1700239987,1812.0,1039.0,2594.0,948.0,3
1700239987,1751.0,926.0,2594.0,948.0,3
1700239987,758.0,1048.0,1289.0,839.0,3
1700239987,775.0,1050.0,1216.0,883.0,3
1700239987,803.0,1048.0,1145.0,861.0,3
1700239987,832.0,1012.0,1014.0,779.0,3
1700239987,818.0,1015.0,884.0,710.0,3
1700239987,683.0,1032.0,785.0,666.0,3
1700239987,610.0,988.0,782.0,662.0,3
1700239987,482.0,966.0,782.0,662.0,3
1700239987,404.0,924.0,782.0,662.0,3
1700239987,320.0,898.0,782.0,662.0,3
1700239987,308.0,895.0,787.0,664.0,3
1700239987,288.0,903.0,745.0,673.0,3
1700239987,270.0,914.0,685.0,685.0,3
1700239987,248.0,936.0,584.0,783.0,3
1700239987,228.0,956.0,570.0,833.0,3
1700239987,219.0,970.0,588.0,882.0,3
1700239987,211.0,985.0,648.0,913.0,3
1700239987,204.0,998.0,721.0,900.0,3
1700239987,190.0,1009.0,734.0,865.0,3
1700239987,179.0,1016.0,733.0,855.0,3
1700239987,174.0,1018.0,733.0,855.0,3
1700239987,173.0,1007.0,733.0,855.0,3
1700239987,228.0,1001.0,723.0,851.0,3
1700239987,386.0,1028.0,718.0,846.0,3
1700239987,566.0,1057.0,772.0,837.0,3
1700239987,677.0,1076.0,807.0,833.0,3
1700239987,738.0,1086.0,816.0,831.0,3
1700239987,773.0,1092.0,832.0,834.0,3
1700239987,794.0,1093.0,840.0,843.0,3
1700239987,807.0,1095.0,848.0,871.0,3
1700239987,813.0,1094.0,856.0,894.0,3
1700239987,814.0,1095.0,858.0,902.0,3
1700239987,815.0,1097.0,858.0,903.0,3
1700239987,819.0,1099.0,854.0,917.0,3
1700239987,800.0,1098.0,846.0,948.0,3
1700239987,785.0,1095.0,840.0,974.0,3
1700239987,775.0,1097.0,829.0,995.0,3
1700239987,763.0,1101.0,810.0,1023.0,3
1700239987,752.0,1103.0,808.0,1027.0,3
1700239987,729.0,1089.0,808.0,1027.0,3
1700239987,709.0,1056.0,808.0,1027.0,3
1700239988,729.0,1070.0,817.0,1026.0,3
1700239988,737.0,1074.0,828.0,1020.0,3
1700239988,743.0,1077.0,830.0,1020.0,3
1700239988,751.0,1082.0,831.0,1020.0,3
1700239988,759.0,1086.0,831.0,1027.0,3
1700239988,766.0,1092.0,824.0,1035.0,3
1700239988,769.0,1098.0,813.0,1046.0,3
1700239988,768.0,1104.0,794.0,1055.0,3
1700239988,764.0,1108.0,779.0,1057.0,3
1700239988,762.0,1113.0,769.0,1058.0,3
1700239988,758.0,1117.0,766.0,1058.0,3
1700239988,755.0,1118.0,766.0,1058.0,3
1700239988,753.0,1118.0,766.0,1058.0,3
1700239988,750.0,1119.0,766.0,1058.0,3
1700239988,747.0,1120.0,766.0,1058.0,3
1700239988,753.0,1105.0,766.0,1058.0,0
1700239988,812.0,933.0,766.0,1058.0,0
1700239988,909.0,609.0,766.0,1058.0,0
1700239988,976.0,433.0,766.0,1058.0,3
1700239988,968.0,397.0,765.0,1068.0,3
1700239988,977.0,370.0,765.0,1069.0,3
1700239988,993.0,352.0,765.0,1069.0,3
1700239988,997.0,352.0,765.0,1069.0,3
1700239988,1005.0,337.0,771.0,1074.0,3
1700239988,1013.0,324.0,791.0,1059.0,3
1700239988,1014.0,320.0,856.0,939.0,3
1700239988,1016.0,321.0,938.0,791.0,3
1700239988,1014.0,324.0,1054.0,591.0,3
1700239988,1011.0,327.0,1083.0,520.0,3
1700239988,1010.0,325.0,1070.0,507.0,3
1700239988,1009.0,324.0,1070.0,507.0,3
1700239988,982.0,316.0,1070.0,507.0,3
1700239988,791.0,279.0,1119.0,520.0,3
1700239988,525.0,234.0,1101.0,479.0,3
1700239988,360.0,212.0,1006.0,420.0,3
1700239988,275.0,204.0,773.0,340.0,3
1700239988,232.0,198.0,503.0,290.0,3
1700239988,213.0,195.0,348.0,305.0,3
1700239988,205.0,194.0,296.0,325.0,3
1700239988,200.0,193.0,279.0,328.0,3
1700239988,159.0,203.0,251.0,320.0,3
1700239988,120.0,213.0,210.0,282.0,3
1700239988,95.0,218.0,184.0,247.0,3
1700239988,80.0,223.0,171.0,232.0,3
1700239988,69.0,227.0,163.0,225.0,3
1700239988,61.0,229.0,147.0,206.0,3
1700239988,57.0,230.0,129.0,196.0,3
1700239988,56.0,230.0,104.0,195.0,3
1700239988,57.0,230.0,95.0,194.0,3
1700239988,57.0,229.0,82.0,186.0,3
1700239988,59.0,230.0,63.0,168.0,3
1700239988,63.0,232.0,50.0,165.0,3
1700239988,62.0,262.0,40.0,184.0,3
1700239988,59.0,330.0,40.0,272.0,3
1700239988,60.0,398.0,25.0,385.0,3
1700239988,59.0,441.0,0.0,464.0,3
1700239988,55.0,468.0,0.0,482.0,3
1700239988,55.0,485.0,0.0,512.0,3
1700239988,56.0,494.0,1.0,531.0,3
1700239988,55.0,497.0,6.0,540.0,3
1700239988,56.0,515.0,24.0,559.0,3
1700239988,59.0,654.0,59.0,603.0,3
1700239988,59.0,782.0,83.0,676.0,3
1700239988,63.0,846.0,71.0,757.0,3
1700239988,62.0,873.0,69.0,833.0,3
1700239988,60.0,885.0,68.0,868.0,3
1700239988,63.0,897.0,64.0,882.0,3
1700239988,64.0,904.0,61.0,888.0,3
1700239988,61.0,911.0,60.0,891.0,3
1700239988,53.0,923.0,58.0,900.0,3
1700239988,49.0,928.0,55.0,908.0,3
1700239988,53.0,936.0,51.0,921.0,3
1700239988,55.0,942.0,47.0,930.0,3
1700239988,55.0,947.0,43.0,936.0,3
1700239988,54.0,951.0,40.0,939.0,3
1700239988,54.0,952.0,40.0,939.0,3
1700239988,56.0,953.0,40.0,939.0,3
1700239988,57.0,952.0,40.0,939.0,3
1700239988,58.0,953.0,40.0,939.0,0
1700239988,58.0,951.0,40.0,939.0,0
1700239988,58.0,950.0,40.0,939.0,0
1700239988,57.0,950.0,40.0,939.0,3
1700239988,58.0,950.0,42.0,939.0,3
1700239988,60.0,944.0,84.0,927.0,3
1700239988,63.0,934.0,168.0,890.0,3
1700239988,69.0,924.0,351.0,769.0,3
1700239988,73.0,916.0,597.0,597.0,3
1700239988,69.0,910.0,831.0,471.0,3
1700239988,73.0,911.0,968.0,437.0,3
1700239988,75.0,918.0,1072.0,445.0,3
1700239988,74.0,920.0,1099.0,453.0,3
1700239988,2157.0,396.0,2009.0,383.0,3
1700239988,2161.0,400.0,2116.0,463.0,3
1700239988,2146.0,504.0,2138.0,463.0,3
1700239988,2610.0,1028.0,2699.0,525.0,3
1700239988,2611.0,1029.0,2699.0,525.0,3
1700239988,2608.0,1031.0,2699.0,525.0,3
1700239988,2609.0,1039.0,2699.0,525.0,3
1700239988,2605.0,1051.0,2698.0,558.0,3
1700239988,2607.0,1061.0,2695.0,667.0,3
1700239988,2616.0,1066.0,2703.0,772.0,3
1700239988,2638.0,1065.0,2703.0,875.0,3
1700239988,2694.0,1057.0,2703.0,922.0,3
1700239988,2741.0,1047.0,2695.0,948.0,3
1700239988,2921.0,1010.0,2689.0,962.0,3
1700239988,2945.0,1006.0,2684.0,972.0,3
1700239988,3224.0,917.0,2675.0,994.0,3
1700239988,3119.0,950.0,2673.0,1009.0,3
1700239988,2898.0,996.0,2673.0,1019.0,3
1700239988,2862.0,1007.0,2675.0,1028.0,3
1700239988,2846.0,1012.0,2677.0,1034.0,3
1700239988,2809.0,1022.0,2679.0,1041.0,3
1700239988,2805.0,1024.0,2682.0,1049.0,3
1700239988,2789.0,1031.0,2683.0,1058.0,3
1700239988,2741.0,1050.0,2683.0,1064.0,3
1700239988,2706.0,1063.0,2683.0,1066.0,3
1700239988,2692.0,1075.0,2683.0,1066.0,3
1700239988,2728.0,1072.0,2683.0,1066.0,3
1700239988,2755.0,1066.0,2683.0,1066.0,3
1700239988,2765.0,1064.0,2683.0,1066.0,3
1700239988,2793.0,1058.0,2684.0,1067.0,3
1700239988,2796.0,1058.0,2684.0,1067.0,3
1700239988,2805.0,1055.0,2687.0,1068.0,3
1700239988,2812.0,1055.0,2711.0,1072.0,3
1700239988,2812.0,1057.0,2770.0,1074.0,3
1700239988,2821.0,1056.0,2811.0,1074.0,3
1700239988,2846.0,1054.0,2827.0,1069.0,3
1700239988,2847.0,1055.0,2827.0,1066.0,3
1700239988,2848.0,1056.0,2827.0,1065.0,3
1700239988,2850.0,1057.0,2828.0,1063.0,3
1700239988,2848.0,1058.0,2828.0,1063.0,3
1700239988,2844.0,1060.0,2828.0,1063.0,3
1700239988,2843.0,1061.0,2828.0,1063.0,3
1700239988,2843.0,1062.0,2831.0,1065.0,3
1700239988,2844.0,1066.0,2838.0,1067.0,3
1700239988,2845.0,1070.0,2867.0,1071.0,3
1700239988,2849.0,1077.0,2878.0,1073.0,3
1700239988,2850.0,1078.0,2878.0,1073.0,3
1700239988,2848.0,1081.0,2879.0,1074.0,3
1700239988,2851.0,1081.0,2879.0,1074.0,3
1700239988,2851.0,1084.0,2879.0,1074.0,3
1700239988,3028.0,468.0,2333.0,511.0,3
1700239988,2807.0,406.0,2333.0,511.0,3
1700239988,2477.0,348.0,2318.0,471.0,3
1700239989,2284.0,311.0,2255.0,360.0,3
1700239989,2196.0,291.0,2200.0,281.0,3
1700239989,2156.0,273.0,2175.0,238.0,3
1700239989,2138.0,259.0,2174.0,231.0,3
1700239989,2129.0,254.0,2174.0,231.0,3
1700239989,2125.0,249.0,2174.0,231.0,3
1700239989,2122.0,244.0,2174.0,248.0,3
1700239989,2119.0,240.0,2174.0,261.0,3
1700239989,2118.0,238.0,2173.0,262.0,3
1700239989,2116.0,236.0,2173.0,262.0,3
1700239989,2114.0,234.0,2173.0,262.0,3
1700239989,2113.0,234.0,2159.0,252.0,3
1700239989,2112.0,233.0,2152.0,247.0,3
1700239989,2111.0,233.0,2151.0,247.0,3
1700239989,2110.0,232.0,2151.0,247.0,0
1700239989,2110.0,231.0,2151.0,247.0,0
1700239989,2110.0,230.0,2151.0,247.0,0
1700239989,2108.0,229.0,2151.0,247.0,0
1700239989,2108.0,229.0,2151.0,247.0,3
1700239989,2107.0,228.0,2151.0,247.0,3
1700239989,2106.0,227.0,2151.0,247.0,3
1700239989,2105.0,225.0,2146.0,246.0,3
1700239989,2105.0,224.0,2103.0,232.0,3
1700239989,2105.0,223.0,2064.0,222.0,3
1700239989,2104.0,222.0,2057.0,220.0,3
1700239989,2104.0,221.0,2057.0,220.0,3
1700239989,2104.0,216.0,2056.0,219.0,3
1700239989,2103.0,214.0,2055.0,216.0,3
1700239989,2217.0,187.0,2055.0,210.0,3
1700239989,2279.0,177.0,2056.0,203.0,3
1700239989,2313.0,172.0,2058.0,198.0,3
1700239989,2315.0,178.0,2058.0,197.0,3
1700239989,2375.0,172.0,2059.0,195.0,3
1700239989,2383.0,190.0,2059.0,192.0,3
1700239989,2283.0,284.0,2059.0,192.0,3
1700239989,948.0,2096.0,2067.0,176.0,3
1700239989,735.0,2247.0,2068.0,173.0,3
1700239989,658.0,2254.0,2068.0,173.0,3
1700239989,425.0,2186.0,2068.0,173.0,3
1700239989,2756.0,217.0,2101.0,162.0,3
1700239990,2751.0,216.0,2101.0,162.0,3
1700239990,2646.0,241.0,2096.0,168.0,3
1700239990,2569.0,265.0,2091.0,179.0,3
1700239990,2464.0,292.0,2086.0,188.0,3
1700239990,2354.0,311.0,2084.0,194.0,3
1700239990,2284.0,316.0,2084.0,196.0,3
1700239990,2243.0,313.0,2084.0,196.0,3
1700239990,2218.0,305.0,2084.0,196.0,3
1700239990,2199.0,299.0,2084.0,196.0,3
1700239990,2186.0,291.0,2084.0,196.0,3
1700239990,2177.0,283.0,2084.0,196.0,3
1700239990,2174.0,275.0,2084.0,196.0,3
1700239990,2170.0,269.0,2084.0,196.0,3
1700239990,2165.0,263.0,2084.0,196.0,3
1700239990,2161.0,257.0,2084.0,196.0,3
1700239990,2157.0,253.0,2084.0,196.0,3
1700239990,2154.0,249.0,2084.0,196.0,3
1700239990,2150.0,245.0,2084.0,196.0,3
1700239990,2146.0,239.0,2084.0,196.0,3
1700239990,2208.0,224.0,2084.0,196.0,3
1700239990,2268.0,204.0,2084.0,196.0,3
1700239990,2331.0,192.0,2084.0,196.0,3
1700239990,2632.0,136.0,2084.0,196.0,3
1700239990,2781.0,102.0,2084.0,196.0,3
1700239990,2839.0,89.0,2084.0,196.0,3
1700239990,2859.0,79.0,2084.0,196.0,3
1700239990,2865.0,77.0,2084.0,196.0,3
1700239990,2848.0,81.0,2084.0,196.0,3
1700239990,2779.0,93.0,2084.0,196.0,3
1700239990,2796.0,85.0,2084.0,196.0,3
1700239990,2808.0,78.0,2084.0,196.0,3
1700239990,2758.0,84.0,2084.0,196.0,3
1700239990,2488.0,123.0,2084.0,195.0,3
1700239990,2414.0,135.0,2084.0,192.0,3
1700239991,2473.0,125.0,2084.0,190.0,3
1700239991,2537.0,109.0,2086.0,186.0,3
1700239991,2637.0,82.0,2086.0,186.0,3
1700239991,2701.0,67.0,2087.0,184.0,3
1700239991,2599.0,82.0,2087.0,184.0,3
1700239991,2378.0,113.0,2087.0,184.0,3
1700239991,2215.0,138.0,2087.0,184.0,3
1700239991,2269.0,132.0,2087.0,184.0,3
1700239991,2255.0,136.0,2087.0,183.0,3
1700239991,2180.0,145.0,2087.0,183.0,3
1700239991,2139.0,152.0,2087.0,183.0,3
1700239991,2118.0,155.0,2087.0,183.0,3
1700239991,2106.0,156.0,2087.0,183.0,3
1700239991,2151.0,150.0,2087.0,183.0,3
1700239991,2400.0,111.0,2087.0,183.0,3
1700239991,2421.0,255.0,2087.0,183.0,3
1700239991,2757.0,129.0,2087.0,183.0,3
1700239991,2661.0,134.0,2087.0,183.0,0
1700239991,2453.0,146.0,2087.0,183.0,0
1700239991,2289.0,158.0,2087.0,183.0,0
1700239991,2194.0,162.0,2087.0,183.0,0
1700239991,2148.0,166.0,2087.0,183.0,3
1700239991,2122.0,167.0,2087.0,183.0,3
1700239991,2109.0,168.0,2087.0,183.0,3
1700239991,2101.0,168.0,2087.0,183.0,3
1700239991,2096.0,170.0,2087.0,183.0,3
1700239991,2094.0,171.0,2087.0,183.0,3
1700239991,2092.0,171.0,2087.0,183.0,3
1700239991,2090.0,171.0,2087.0,183.0,3
1700239991,2088.0,171.0,2087.0,183.0,3
1700239991,2087.0,171.0,2087.0,183.0,3
1700239991,2087.0,171.0,2087.0,182.0,3
1700239991,2086.0,170.0,2116.0,180.0,3
1700239991,2085.0,171.0,2119.0,180.0,3
1700239991,2087.0,171.0,2119.0,180.0,3
1700239991,2113.0,169.0,2119.0,180.0,3
1700239991,2232.0,160.0,2119.0,180.0,3
1700239991,2364.0,150.0,2119.0,180.0,3
1700239991,2456.0,147.0,2111.0,181.0,3
1700239991,3265.0,91.0,3434.0,191.0,3
1700239991,3301.0,93.0,3433.0,192.0,3
1700239991,3337.0,98.0,3433.0,192.0,3
1700239991,3366.0,104.0,3433.0,192.0,3
1700239991,3387.0,109.0,3433.0,192.0,3
1700239991,3402.0,113.0,3433.0,192.0,3
1700239991,3405.0,124.0,3433.0,192.0,0
1700239991,3405.0,135.0,3433.0,192.0,0
1700239991,3404.0,145.0,3433.0,192.0,0
1700239991,3403.0,155.0,3433.0,192.0,3
1700239991,3402.0,162.0,3433.0,192.0,3
1700239991,3400.0,166.0,3438.0,194.0,3
1700239991,3398.0,170.0,3475.0,199.0,3
1700239991,3398.0,173.0,3522.0,206.0,3
1700239991,3397.0,178.0,3550.0,209.0,3
1700239991,3396.0,180.0,3552.0,209.0,3
1700239991,3394.0,182.0,3552.0,209.0,3
1700239991,3393.0,184.0,3553.0,209.0,3
1700239991,3393.0,186.0,3555.0,209.0,3
1700239991,3393.0,189.0,3557.0,210.0,3
1700239991,3392.0,191.0,3557.0,210.0,0
1700239991,3401.0,195.0,3557.0,210.0,0
1700239991,3417.0,200.0,3557.0,210.0,0
1700239991,3432.0,204.0,3557.0,210.0,0
1700239991,3446.0,208.0,3557.0,210.0,3
1700239991,3458.0,211.0,3557.0,210.0,3
1700239991,3466.0,214.0,3557.0,210.0,3
1700239991,3473.0,215.0,3557.0,210.0,3
1700239991,3477.0,216.0,3558.0,210.0,3
1700239991,3480.0,217.0,3564.0,208.0,3
1700239991,3482.0,220.0,3570.0,204.0,3
1700239991,3484.0,222.0,3583.0,194.0,3
1700239991,3485.0,223.0,3597.0,184.0,3
1700239991,3486.0,224.0,3613.0,172.0,3
1700239991,3487.0,225.0,3631.0,160.0,3
1700239991,3487.0,225.0,3639.0,153.0,3
1700239991,3488.0,225.0,3641.0,150.0,3
1700239991,3488.0,226.0,3644.0,146.0,3
1700239991,3488.0,227.0,3646.0,144.0,3
1700239991,3489.0,227.0,3646.0,144.0,3
1700239991,3489.0,227.0,3646.0,144.0,3
1700239991,3492.0,227.0,3646.0,144.0,3
1700239991,3501.0,223.0,3646.0,144.0,3
1700239991,3513.0,217.0,3646.0,142.0,3
1700239991,3526.0,210.0,3646.0,141.0,3
1700239991,3537.0,204.0,3646.0,141.0,3
1700239991,3548.0,199.0,3646.0,141.0,3
1700239991,3556.0,194.0,3646.0,141.0,3
1700239991,3563.0,191.0,3646.0,141.0,3
1700239991,3569.0,189.0,3646.0,141.0,3
1700239991,3573.0,186.0,3646.0,141.0,3
1700239991,3576.0,184.0,3646.0,141.0,3
1700239991,3578.0,184.0,3646.0,141.0,3
1700239991,3579.0,184.0,3646.0,141.0,3
1700239991,3581.0,183.0,3646.0,141.0,3
1700239991,3583.0,183.0,3646.0,141.0,0
1700239991,3584.0,182.0,3646.0,141.0,0
1700239991,3585.0,182.0,3646.0,141.0,0
1700239991,3587.0,182.0,3646.0,141.0,3
1700239991,3588.0,181.0,3646.0,141.0,3
1700239991,3589.0,180.0,3646.0,141.0,3
1700239991,3590.0,179.0,3646.0,141.0,3
1700239991,3591.0,179.0,3646.0,141.0,3
1700239991,3591.0,179.0,3646.0,141.0,3
1700239991,3592.0,179.0,3646.0,141.0,3
1700239991,3593.0,180.0,3646.0,141.0,3
1700239991,3593.0,180.0,3646.0,141.0,3
1700239991,3593.0,179.0,3646.0,141.0,3
1700239991,3594.0,179.0,3646.0,141.0,3
1700239991,3594.0,179.0,3646.0,141.0,3
1700239991,3595.0,179.0,3646.0,141.0,3
1700239991,3596.0,178.0,3646.0,141.0,3
1700239991,3596.0,178.0,3646.0,141.0,3
1700239991,3597.0,177.0,3646.0,141.0,3
1700239991,3597.0,177.0,3646.0,141.0,3
1700239991,3597.0,177.0,3646.0,141.0,3
1700239991,3598.0,177.0,3646.0,141.0,3
1700239991,3598.0,176.0,3646.0,141.0,3
1700239991,3598.0,176.0,3646.0,141.0,3
1700239991,3589.0,177.0,3646.0,141.0,3
1700239991,3567.0,180.0,3646.0,141.0,3
1700239991,3539.0,185.0,3646.0,141.0,3
1700239991,3514.0,189.0,3646.0,141.0,3
1700239991,3494.0,193.0,3646.0,141.0,3
1700239991,3479.0,196.0,3646.0,141.0,3
1700239991,3457.0,199.0,3646.0,141.0,3
1700239991,3426.0,202.0,3646.0,141.0,3
1700239991,3403.0,205.0,3646.0,141.0,3
1700239991,3386.0,208.0,3642.0,140.0,3
1700239991,3371.0,210.0,3556.0,148.0,3
1700239991,3290.0,214.0,3415.0,190.0,3
1700239991,3105.0,240.0,3181.0,258.0,3
1700239991,2759.0,316.0,2980.0,313.0,3
1700239991,2442.0,385.0,2830.0,342.0,3
1700239991,2313.0,418.0,2789.0,350.0,3
1700239991,2095.0,389.0,2279.0,387.0,3
1700239991,2093.0,389.0,2279.0,385.0,3
1700239991,2090.0,389.0,2279.0,385.0,3
1700239991,2088.0,388.0,2279.0,385.0,3
1700239991,2087.0,385.0,2279.0,385.0,3
1700239991,2087.0,383.0,2279.0,384.0,3
1700239991,2089.0,379.0,2282.0,381.0,3
1700239991,2092.0,374.0,2282.0,380.0,3
1700239991,2096.0,368.0,2282.0,378.0,3
1700239991,2117.0,367.0,2282.0,378.0,3
1700239991,2148.0,364.0,2282.0,378.0,3
1700239991,2181.0,359.0,2282.0,378.0,3
1700239991,2210.0,359.0,2282.0,378.0,3
1700239991,2231.0,359.0,2282.0,378.0,3
1700239992,2306.0,405.0,2265.0,375.0,3
1700239992,2306.0,405.0,2265.0,375.0,3
1700239992,2307.0,405.0,2264.0,376.0,3
1700239992,2308.0,406.0,2262.0,377.0,3
1700239992,2309.0,405.0,2261.0,378.0,3
1700239992,2311.0,404.0,2256.0,381.0,3
1700239992,2311.0,404.0,2253.0,386.0,3
1700239992,2312.0,403.0,2251.0,393.0,3
1700239994,2217.0,425.0,2151.0,484.0,3
1700239994,2212.0,430.0,2151.0,482.0,3
1700239994,2204.0,437.0,2151.0,481.0,3
1700239994,2194.0,445.0,2151.0,481.0,3
1700239994,2184.0,452.0,2151.0,480.0,3
1700239994,2175.0,458.0,2151.0,480.0,3
1700239994,2168.0,461.0,2151.0,480.0,3
1700239994,2163.0,464.0,2151.0,480.0,3
1700239994,2158.0,467.0,2151.0,480.0,3
1700239994,2152.0,467.0,2151.0,480.0,3
1700239994,2144.0,467.0,2151.0,480.0,3
1700239994,2136.0,466.0,2151.0,480.0,3
1700239994,2130.0,465.0,2151.0,480.0,3
1700239994,2131.0,464.0,2151.0,480.0,3
1700239994,2136.0,463.0,2151.0,480.0,3
1700239994,2133.0,464.0,2151.0,480.0,3
1700239994,2131.0,464.0,2151.0,480.0,3
1700239994,2128.0,464.0,2151.0,480.0,3
1700239994,2126.0,465.0,2151.0,480.0,3
1700239994,2125.0,463.0,2151.0,480.0,3
1700239994,2129.0,460.0,2151.0,480.0,3
1700239994,2144.0,453.0,2151.0,480.0,3
1700239994,2141.0,450.0,2151.0,480.0,3
1700239994,2139.0,448.0,2151.0,480.0,3
1700239994,2136.0,444.0,2151.0,480.0,3
1700239994,2141.0,440.0,2151.0,480.0,3
1700239994,2168.0,432.0,2151.0,480.0,3
1700239994,2200.0,426.0,2151.0,480.0,3
1700239994,2205.0,432.0,2151.0,480.0,3
1700239994,2190.0,437.0,2151.0,480.0,3
1700239995,2188.0,439.0,2151.0,480.0,3
1700239995,2198.0,439.0,2151.0,480.0,3
1700239995,2213.0,443.0,2151.0,478.0,3
1700239996,1256.0,438.0,2137.0,474.0,3
1700239996,1144.0,428.0,2135.0,471.0,3
1700239996,900.0,404.0,2139.0,461.0,3
1700239996,689.0,385.0,2161.0,449.0,3
1700239996,601.0,382.0,2176.0,447.0,3
1700239996,569.0,374.0,2176.0,447.0,3
1700239996,546.0,364.0,2176.0,447.0,3
1700239996,534.0,362.0,2176.0,447.0,3
1700239996,498.0,359.0,2182.0,448.0,3
1700239996,428.0,344.0,2187.0,450.0,3
1700239996,372.0,329.0,2187.0,450.0,3
1700239996,415.0,326.0,2185.0,450.0,3
1700239996,486.0,336.0,2182.0,450.0,3
1700239996,743.0,379.0,2180.0,450.0,3
1700239996,1015.0,423.0,2174.0,450.0,3
1700239996,1163.0,446.0,2152.0,450.0,3
1700239996,1232.0,457.0,2070.0,452.0,3
1700239996,1265.0,460.0,1895.0,477.0,3
1700239996,1306.0,473.0,1731.0,494.0,3
1700239996,1358.0,506.0,1584.0,503.0,3
1700239996,1390.0,529.0,1560.0,511.0,3
1700239996,1407.0,543.0,1560.0,511.0,3
1700239996,1417.0,549.0,1561.0,512.0,3
1700239996,1425.0,551.0,1554.0,492.0,3
1700239996,1429.0,553.0,1552.0,466.0,3
1700239996,1433.0,554.0,1552.0,466.0,3
1700239996,1434.0,555.0,1552.0,466.0,3
1700239996,1435.0,558.0,1552.0,466.0,3
1700239996,1435.0,560.0,1552.0,466.0,3
1700239996,1436.0,560.0,1519.0,472.0,3
1700239996,1436.0,554.0,1490.0,484.0,3
1700239996,1435.0,547.0,1483.0,497.0,3
1700239996,1435.0,541.0,1478.0,508.0,3
1700239997,1435.0,534.0,1473.0,514.0,3
1700239997,1437.0,526.0,1472.0,518.0,3
1700239997,2799.0,496.0,1455.0,515.0,3
1700239997,2812.0,484.0,1455.0,515.0,3
1700239997,2831.0,471.0,1455.0,515.0,3
1700239997,2851.0,464.0,1455.0,515.0,3
1700239997,1290.0,432.0,1455.0,515.0,3
1700239997,1299.0,434.0,1454.0,514.0,0
1700239997,1321.0,439.0,1454.0,514.0,0
1700239997,1347.0,447.0,1454.0,514.0,0
1700239997,1369.0,452.0,1454.0,514.0,0
1700239997,1385.0,457.0,1454.0,514.0,3
1700239997,1396.0,459.0,1454.0,514.0,3
1700239998,1402.0,462.0,1452.0,514.0,3
1700239998,1407.0,464.0,1452.0,514.0,3
1700239998,1411.0,465.0,1452.0,514.0,3
1700239998,1414.0,465.0,1452.0,514.0,3
1700239998,1416.0,465.0,1452.0,514.0,3
1700239998,1418.0,464.0,1452.0,514.0,3
1700239998,1403.0,463.0,1452.0,514.0,3
1700239998,1277.0,435.0,1452.0,514.0,3
1700239998,916.0,371.0,1452.0,514.0,3
1700239998,601.0,326.0,1452.0,514.0,3
1700239998,458.0,297.0,1452.0,514.0,3
1700239998,407.0,286.0,1452.0,514.0,3
1700239998,384.0,285.0,1452.0,514.0,3
1700239998,336.0,281.0,1452.0,514.0,3
1700239998,296.0,277.0,1452.0,514.0,3
1700239998,279.0,274.0,1452.0,514.0,3
1700239998,270.0,275.0,1452.0,514.0,3
1700239998,264.0,274.0,1452.0,514.0,3
1700239998,278.0,274.0,1452.0,514.0,3
1700239998,292.0,273.0,1452.0,514.0,3
1700239998,304.0,274.0,1452.0,514.0,3
1700239998,312.0,275.0,1452.0,514.0,3
1700239998,317.0,275.0,1452.0,514.0,3
1700239998,327.0,276.0,1452.0,514.0,3
1700239998,339.0,277.0,1452.0,514.0,3
1700239998,352.0,278.0,1452.0,514.0,3
1700239998,362.0,279.0,1452.0,514.0,3
1700239998,371.0,281.0,1452.0,514.0,3
1700239998,457.0,289.0,1452.0,514.0,3
1700239998,794.0,331.0,1481.0,507.0,3
1700239998,1257.0,424.0,1544.0,505.0,3
1700239998,1490.0,470.0,1582.0,505.0,3
1700239999,1578.0,493.0,1587.0,504.0,3
1700239999,1612.0,505.0,1590.0,504.0,3
1700239999,1624.0,506.0,1600.0,504.0,3
1700239999,1625.0,502.0,1616.0,504.0,3
1700239999,1628.0,503.0,1625.0,504.0,3
1700239999,1626.0,499.0,1627.0,504.0,3
1700239999,1626.0,492.0,1631.0,502.0,3
1700239999,1623.0,490.0,1642.0,501.0,3
1700239999,1621.0,489.0,1652.0,501.0,3
1700239999,1621.0,487.0,1653.0,501.0,3
1700239999,1637.0,526.0,1655.0,501.0,3
1700239999,1645.0,664.0,1665.0,500.0,0
1700239999,1628.0,612.0,1665.0,500.0,0
1700239999,1630.0,555.0,1665.0,500.0,0
1700239999,1630.0,505.0,1665.0,500.0,0
1700239999,1631.0,477.0,1665.0,500.0,3
1700239999,1631.0,463.0,1665.0,500.0,3
1700239999,1632.0,459.0,1665.0,500.0,3
1700239999,1629.0,459.0,1665.0,500.0,3
1700239999,1630.0,458.0,1665.0,500.0,3
1700239999,1629.0,458.0,1665.0,500.0,3
1700239999,1630.0,458.0,1665.0,500.0,3
1700239999,1630.0,459.0,1665.0,500.0,3
1700239999,1630.0,459.0,1665.0,500.0,3
1700239999,1629.0,460.0,1665.0,500.0,3
1700239999,1627.0,460.0,1665.0,500.0,3
1700239999,1557.0,443.0,1665.0,500.0,3
1700239999,1258.0,374.0,1665.0,500.0,3
1700239999,850.0,309.0,1665.0,500.0,3
1700240000,596.0,274.0,1665.0,500.0,3
1700240000,494.0,263.0,1665.0,500.0,3
1700240000,452.0,258.0,1665.0,500.0,3
1700240000,437.0,251.0,1665.0,500.0,3
1700240000,434.0,251.0,1665.0,500.0,3
1700240000,432.0,253.0,1665.0,500.0,3
1700240000,428.0,252.0,1665.0,500.0,3
1700240000,423.0,250.0,1665.0,500.0,3
1700240000,408.0,244.0,1665.0,500.0,3
1700240000,392.0,238.0,1665.0,500.0,3
1700240000,394.0,239.0,1665.0,500.0,3
1700240000,398.0,242.0,1665.0,500.0,3
1700240000,400.0,242.0,1665.0,500.0,3
1700240000,399.0,241.0,1665.0,500.0,3
1700240000,400.0,244.0,1665.0,500.0,3
1700240000,398.0,244.0,1665.0,500.0,3
1700240000,399.0,245.0,1665.0,500.0,3
1700240000,399.0,246.0,1665.0,500.0,3
1700240000,399.0,246.0,1665.0,500.0,3
1700240000,399.0,247.0,1665.0,500.0,3
1700240000,425.0,253.0,1665.0,500.0,3
1700240000,616.0,304.0,1665.0,500.0,3
1700240000,995.0,428.0,1654.0,504.0,3
1700240000,1259.0,518.0,1606.0,539.0,3
1700240000,1369.0,546.0,1559.0,577.0,3
1700240000,1411.0,564.0,1505.0,619.0,3
1700240000,1432.0,577.0,1484.0,633.0,3
1700240000,1435.0,583.0,1476.0,635.0,3
1700240000,1429.0,591.0,1473.0,637.0,3
1700240000,1425.0,600.0,1472.0,637.0,3
1700240000,1424.0,604.0,1469.0,638.0,3
1700240000,1423.0,605.0,1467.0,638.0,3
1700240000,1423.0,605.0,1461.0,642.0,3
1700240001,1424.0,607.0,1455.0,645.0,3
1700240001,1424.0,608.0,1454.0,646.0,3
1700240001,1425.0,610.0,1454.0,646.0,0
1700240001,1424.0,611.0,1454.0,646.0,0
1700240001,1425.0,611.0,1454.0,646.0,0
1700240001,1425.0,611.0,1454.0,646.0,0
1700240001,1425.0,610.0,1454.0,646.0,3
1700240001,1425.0,611.0,1454.0,646.0,3
1700240001,1425.0,611.0,1454.0,646.0,3
1700240001,1425.0,611.0,1454.0,646.0,3
1700240001,1425.0,611.0,1454.0,646.0,3
1700240001,1424.0,610.0,1454.0,646.0,3
1700240001,1424.0,610.0,1454.0,646.0,3
1700240001,1414.0,606.0,1454.0,646.0,3
1700240001,1244.0,530.0,1463.0,640.0,3
1700240001,876.0,404.0,1487.0,636.0,3
1700240001,626.0,330.0,1532.0,636.0,3
1700240001,527.0,295.0,1572.0,631.0,3
1700240001,486.0,282.0,1593.0,626.0,3
1700240001,466.0,280.0,1610.0,620.0,3
1700240001,458.0,278.0,1623.0,615.0,3
1700240001,455.0,279.0,1633.0,611.0,3
1700240001,453.0,285.0,1639.0,610.0,3
1700240001,451.0,293.0,1643.0,610.0,3
1700240001,449.0,296.0,1646.0,610.0,3
1700240001,447.0,298.0,1647.0,610.0,3
1700240001,445.0,298.0,1647.0,610.0,3
1700240001,444.0,297.0,1648.0,609.0,3
1700240001,444.0,297.0,1648.0,609.0,3
1700240001,456.0,298.0,1648.0,609.0,3
1700240001,639.0,338.0,1648.0,609.0,3
1700240001,1096.0,465.0,1649.0,610.0,3
1700240001,1403.0,563.0,1653.0,615.0,3
1700240002,1524.0,602.0,1655.0,617.0,3
1700240002,1569.0,617.0,1655.0,617.0,3
1700240002,1586.0,622.0,1655.0,617.0,3
1700240002,1611.0,618.0,1655.0,617.0,3
1700240002,1639.0,612.0,1655.0,617.0,0
1700240002,1641.0,618.0,1655.0,617.0,0
1700240002,1645.0,620.0,1655.0,617.0,0
1700240002,1645.0,625.0,1655.0,617.0,0
1700240002,1648.0,625.0,1655.0,617.0,3
1700240002,1650.0,625.0,1655.0,617.0,3
1700240002,1651.0,625.0,1655.0,617.0,3
1700240002,1652.0,626.0,1655.0,617.0,3
1700240002,1653.0,627.0,1655.0,617.0,3
1700240002,1653.0,628.0,1655.0,617.0,3
1700240002,1653.0,629.0,1655.0,617.0,3
1700240002,1638.0,627.0,1655.0,617.0,3
1700240002,1403.0,550.0,1655.0,617.0,3
1700240002,924.0,416.0,1655.0,617.0,3
1700240002,646.0,346.0,1655.0,617.0,3
1700240002,537.0,313.0,1656.0,619.0,3
1700240002,497.0,306.0,1624.0,638.0,3
1700240002,480.0,304.0,1564.0,648.0,3
1700240002,474.0,303.0,1536.0,652.0,3
1700240002,472.0,297.0,1536.0,652.0,3
1700240002,456.0,296.0,1536.0,652.0,3
1700240002,435.0,294.0,1536.0,652.0,3
1700240002,422.0,291.0,1536.0,652.0,3
1700240002,413.0,288.0,1535.0,652.0,3
1700240002,408.0,287.0,1528.0,658.0,3
1700240002,442.0,397.0,1526.0,657.0,3
1700240004,2443.0,605.0,2383.0,620.0,3
1700240004,2438.0,606.0,2385.0,620.0,3
1700240004,2432.0,608.0,2385.0,620.0,3
1700240004,2429.0,638.0,2385.0,620.0,3
1700240004,2440.0,711.0,2385.0,620.0,3
1700240004,2453.0,793.0,2385.0,620.0,3
1700240004,2461.0,855.0,2385.0,620.0,3
1700240004,2465.0,888.0,2385.0,620.0,3
1700240004,2441.0,748.0,2385.0,620.0,3
1700240004,2435.0,730.0,2385.0,620.0,3
1700240004,2428.0,705.0,2385.0,620.0,3
1700240004,2418.0,678.0,2385.0,620.0,3
1700240005,2409.0,654.0,2385.0,620.0,0
1700240005,2402.0,638.0,2385.0,620.0,0
1700240005,2397.0,628.0,2385.0,620.0,0
1700240005,2393.0,623.0,2385.0,620.0,0
1700240005,2390.0,620.0,2385.0,620.0,3
1700240005,2389.0,617.0,2386.0,620.0,3
1700240005,2387.0,612.0,2387.0,620.0,3
1700240005,2385.0,610.0,2388.0,618.0,3
1700240005,2384.0,611.0,2385.0,612.0,3
1700240005,2382.0,610.0,2374.0,606.0,3
1700240005,2382.0,608.0,2374.0,606.0,3
1700240005,2382.0,607.0,2374.0,606.0,3
1700240005,2381.0,604.0,2374.0,606.0,3
1700240005,2380.0,602.0,2374.0,606.0,3
1700240005,2379.0,602.0,2374.0,606.0,3
1700240005,2379.0,601.0,2374.0,606.0,3
1700240005,2378.0,599.0,2374.0,606.0,3
1700240005,2378.0,598.0,2374.0,606.0,3
1700240005,2377.0,597.0,2374.0,606.0,3
1700240005,2377.0,597.0,2373.0,610.0,3
1700240005,2377.0,597.0,2370.0,618.0,3
1700240005,2376.0,596.0,2370.0,621.0,3
1700240005,2377.0,595.0,2371.0,623.0,3
1700240005,2377.0,595.0,2372.0,624.0,3
1700240005,2377.0,595.0,2377.0,630.0,3
1700240005,2376.0,595.0,2381.0,633.0,3
1700240005,2376.0,595.0,2381.0,633.0,3
1700240005,2375.0,595.0,2381.0,633.0,3
1700240005,2375.0,594.0,2381.0,633.0,3
1700240005,2375.0,593.0,2381.0,633.0,3
1700240005,2375.0,592.0,2381.0,633.0,3
1700240005,2376.0,593.0,2381.0,633.0,3
1700240005,2376.0,593.0,2381.0,633.0,3
1700240006,2376.0,593.0,2381.0,633.0,3
1700240006,2426.0,585.0,2381.0,633.0,3
1700240006,2671.0,541.0,2398.0,625.0,3
1700240006,2999.0,495.0,2472.0,614.0,3
1700240006,3182.0,470.0,2657.0,607.0,3
1700240006,3416.0,379.0,3400.0,396.0,3
1700240006,3415.0,383.0,3406.0,394.0,3
1700240006,3413.0,386.0,3413.0,390.0,3
1700240006,3413.0,386.0,3425.0,385.0,3
1700240006,3413.0,385.0,3439.0,380.0,3
1700240006,3414.0,384.0,3456.0,376.0,3
1700240006,3411.0,380.0,3467.0,372.0,3
1700240006,3404.0,374.0,3483.0,362.0,3
1700240006,3397.0,368.0,3483.0,362.0,3
1700240006,3390.0,362.0,3483.0,362.0,3
1700240006,3383.0,355.0,3483.0,361.0,3
1700240006,3376.0,350.0,3483.0,361.0,3
1700240006,3372.0,346.0,3483.0,361.0,3
1700240006,3371.0,343.0,3483.0,361.0,3
1700240006,3373.0,340.0,3483.0,361.0,3
1700240006,3374.0,339.0,3483.0,361.0,3
1700240006,3375.0,337.0,3483.0,361.0,3
1700240007,3376.0,337.0,3483.0,361.0,3
1700240007,3376.0,338.0,3474.0,368.0,3
1700240007,3376.0,338.0,3429.0,395.0,3
1700240007,3374.0,339.0,3335.0,435.0,3
1700240007,3314.0,362.0,3213.0,477.0,3
1700240007,3184.0,425.0,3100.0,517.0,3
1700240007,3093.0,473.0,3052.0,542.0,3
1700240007,2979.0,517.0,3022.0,555.0,3
1700240007,2947.0,547.0,3003.0,569.0,3
1700240007,2930.0,564.0,2995.0,575.0,3
1700240007,2942.0,570.0,2989.0,582.0,3
1700240007,2957.0,577.0,2989.0,586.0,3
1700240007,2971.0,582.0,2989.0,594.0,3
1700240007,2982.0,587.0,2994.0,611.0,3
1700240007,2994.0,593.0,2996.0,615.0,3
1700240007,2989.0,598.0,2996.0,615.0,3
1700240007,2971.0,588.0,2996.0,615.0,3
1700240007,2964.0,569.0,2996.0,615.0,3
1700240007,2969.0,539.0,2996.0,615.0,3
1700240007,3009.0,508.0,2996.0,615.0,3
1700240007,3002.0,501.0,2996.0,615.0,3
1700240007,2995.0,505.0,2995.0,615.0,3
1700240007,2987.0,510.0,2994.0,615.0,3
1700240007,2974.0,517.0,2991.0,615.0,3
1700240007,2961.0,521.0,2990.0,615.0,3
1700240007,2959.0,522.0,2990.0,615.0,3
1700240007,2955.0,524.0,2989.0,615.0,3
1700240007,2947.0,525.0,2986.0,614.0,3
1700240007,2927.0,521.0,2986.0,614.0,3
1700240007,2906.0,518.0,2986.0,614.0,3
1700240007,2872.0,512.0,2986.0,614.0,3
1700240007,2878.0,502.0,2986.0,614.0,3
1700240007,2872.0,497.0,2986.0,614.0,3
1700240008,2846.0,495.0,2986.0,614.0,3
1700240008,2837.0,489.0,2986.0,614.0,3
1700240008,2851.0,483.0,2986.0,614.0,3
1700240008,2860.0,480.0,2986.0,614.0,3
1700240008,2876.0,481.0,2986.0,614.0,3
1700240008,2907.0,486.0,2986.0,614.0,3
1700240008,2960.0,494.0,2986.0,614.0,3
1700240008,3009.0,504.0,2986.0,614.0,0
1700240008,3046.0,513.0,2986.0,614.0,0
1700240008,3073.0,520.0,2986.0,614.0,0
1700240008,3090.0,524.0,2986.0,614.0,3
1700240008,3102.0,527.0,2986.0,614.0,3
1700240008,3111.0,530.0,2986.0,614.0,3
1700240008,3116.0,532.0,2986.0,614.0,3
1700240008,3119.0,535.0,2986.0,614.0,3
1700240008,3121.0,537.0,2986.0,614.0,3
1700240008,3122.0,539.0,2986.0,614.0,3
1700240008,3122.0,541.0,2986.0,614.0,3
1700240008,3124.0,542.0,2986.0,614.0,3
1700240008,3120.0,543.0,2986.0,614.0,3
1700240008,3118.0,542.0,2986.0,614.0,3
1700240008,3108.0,544.0,2986.0,614.0,3
1700240008,3098.0,546.0,2986.0,614.0,0
1700240008,3088.0,548.0,2986.0,614.0,0
1700240008,3078.0,551.0,2986.0,614.0,0
1700240008,3071.0,553.0,2986.0,614.0,3
1700240008,3063.0,555.0,2986.0,614.0,3
1700240008,3056.0,557.0,2986.0,614.0,3
1700240008,3050.0,559.0,2986.0,614.0,3
1700240008,3044.0,561.0,2986.0,614.0,3
1700240008,3026.0,565.0,2986.0,614.0,3
1700240008,2995.0,566.0,2964.0,614.0,3
1700240008,3002.0,560.0,2930.0,614.0,3
1700240009,3006.0,558.0,2876.0,614.0,3
1700240009,3009.0,576.0,2849.0,617.0,3
1700240009,3002.0,618.0,2845.0,618.0,3
1700240009,2969.0,661.0,2834.0,620.0,3
1700240009,2944.0,691.0,2814.0,622.0,3
1700240010,2918.0,709.0,2800.0,622.0,3
1700240010,2887.0,719.0,2800.0,622.0,3
1700240010,2865.0,721.0,2800.0,622.0,3
1700240010,2854.0,719.0,2800.0,622.0,3
1700240010,2847.0,716.0,2799.0,621.0,3
1700240010,2846.0,714.0,2799.0,621.0,3
1700240010,2832.0,574.0,2788.0,615.0,3
1700240010,2819.0,547.0,2795.0,614.0,3
1700240010,2801.0,509.0,2802.0,612.0,3
1700240010,2821.0,468.0,2830.0,604.0,3
1700240010,2870.0,432.0,2918.0,580.0,3
1700240010,2886.0,423.0,3074.0,539.0,3
1700240010,2898.0,422.0,3204.0,506.0,3
1700240010,2875.0,426.0,3347.0,467.0,3
1700240010,2876.0,426.0,3454.0,439.0,3
1700240010,2857.0,427.0,3497.0,420.0,3
1700240010,2850.0,427.0,3498.0,420.0,3
1700240011,3238.0,465.0,3586.0,407.0,3
1700240011,3275.0,471.0,3588.0,406.0,3
1700240011,3321.0,476.0,3593.0,405.0,3
1700240011,3365.0,478.0,3595.0,405.0,3
1700240011,3400.0,480.0,3595.0,405.0,3
1700240011,3427.0,479.0,3595.0,405.0,3
1700240011,3442.0,476.0,3595.0,405.0,3
1700240011,3431.0,472.0,3595.0,405.0,3
1700240011,3423.0,468.0,3595.0,405.0,3
1700240012,3418.0,466.0,3595.0,405.0,3
1700240012,3415.0,464.0,3595.0,405.0,3
1700240012,3418.0,464.0,3595.0,405.0,0
1700240012,3428.0,467.0,3595.0,405.0,0
1700240012,3439.0,468.0,3595.0,405.0,0
1700240012,3450.0,470.0,3595.0,405.0,3
1700240012,3461.0,472.0,3595.0,405.0,3
1700240012,3469.0,474.0,3595.0,405.0,3
1700240012,3476.0,476.0,3595.0,405.0,3
1700240012,3482.0,477.0,3595.0,405.0,3
1700240012,3488.0,476.0,3598.0,412.0,3
1700240012,3493.0,474.0,3603.0,420.0,3
1700240012,3497.0,473.0,3605.0,423.0,3
1700240012,3500.0,471.0,3607.0,425.0,3
1700240012,3503.0,468.0,3608.0,426.0,3
1700240012,3505.0,465.0,3608.0,427.0,3
1700240012,3507.0,462.0,3608.0,428.0,3
1700240012,3510.0,459.0,3608.0,428.0,3
1700240012,3512.0,457.0,3608.0,428.0,3
1700240012,3514.0,455.0,3608.0,429.0,3
1700240012,3516.0,453.0,3607.0,430.0,3
1700240012,3518.0,452.0,3605.0,431.0,3
1700240012,3519.0,451.0,3604.0,432.0,3
1700240012,3520.0,450.0,3602.0,433.0,3
1700240012,3520.0,449.0,3601.0,434.0,3
1700240012,3521.0,449.0,3599.0,436.0,3
1700240012,3521.0,448.0,3598.0,439.0,3
1700240012,3522.0,448.0,3598.0,443.0,3
1700240012,3524.0,449.0,3598.0,444.0,3
1700240012,3526.0,451.0,3598.0,446.0,3
1700240012,3528.0,452.0,3599.0,448.0,3
1700240012,3530.0,454.0,3599.0,448.0,3
1700240012,3532.0,455.0,3601.0,450.0,3
1700240013,3535.0,455.0,3601.0,451.0,3
1700240013,3534.0,455.0,3601.0,452.0,3
1700240013,3534.0,455.0,3601.0,454.0,3
1700240013,3537.0,453.0,3601.0,456.0,3
1700240013,3552.0,445.0,3601.0,456.0,3
1700240013,3559.0,441.0,3601.0,458.0,3
1700240013,3553.0,444.0,3601.0,458.0,3
1700240013,3550.0,446.0,3601.0,458.0,3
1700240013,3549.0,447.0,3601.0,458.0,3
1700240013,3547.0,448.0,3601.0,458.0,3
1700240013,3545.0,450.0,3601.0,458.0,3
1700240013,3544.0,451.0,3601.0,458.0,3
1700240013,3543.0,452.0,3601.0,458.0,3
1700240013,3543.0,453.0,3601.0,458.0,3
1700240013,3542.0,454.0,3601.0,458.0,3
1700240013,3541.0,455.0,3601.0,458.0,3
1700240013,3541.0,455.0,3601.0,458.0,3
1700240013,3541.0,455.0,3601.0,458.0,3
1700240013,3541.0,456.0,3601.0,458.0,3
1700240013,3541.0,456.0,3601.0,458.0,3
1700240013,3541.0,456.0,3601.0,458.0,3
1700240013,3540.0,456.0,3601.0,458.0,3
1700240013,3540.0,457.0,3601.0,458.0,3
1700240013,3540.0,457.0,3601.0,458.0,3
1700240013,3540.0,457.0,3601.0,458.0,3
1700240013,3540.0,458.0,3601.0,458.0,3
1700240013,3540.0,458.0,3601.0,458.0,3
1700240013,3539.0,456.0,3601.0,458.0,3
1700240013,3535.0,452.0,3601.0,458.0,0
1700240013,3530.0,446.0,3601.0,458.0,0
1700240013,3526.0,440.0,3601.0,458.0,3
1700240013,3522.0,434.0,3601.0,458.0,3
1700240013,3519.0,429.0,3601.0,459.0,3
1700240014,3517.0,424.0,3600.0,456.0,3
1700240014,3515.0,421.0,3599.0,448.0,3
1700240014,3514.0,420.0,3599.0,440.0,3
1700240014,3512.0,419.0,3598.0,426.0,3
1700240014,3512.0,416.0,3594.0,411.0,3
1700240014,3514.0,415.0,3591.0,403.0,3
1700240014,3515.0,414.0,3590.0,401.0,3
1700240014,3517.0,414.0,3590.0,401.0,3
1700240014,3518.0,413.0,3590.0,401.0,3
1700240014,3519.0,413.0,3590.0,401.0,3
1700240014,3519.0,412.0,3590.0,401.0,0
1700240014,3520.0,412.0,3590.0,401.0,0
1700240014,3521.0,413.0,3590.0,401.0,0
1700240014,3522.0,414.0,3590.0,401.0,3
1700240014,3523.0,415.0,3590.0,401.0,3
1700240014,3524.0,416.0,3592.0,409.0,3
1700240014,3526.0,417.0,3596.0,419.0,3
1700240014,3527.0,419.0,3599.0,425.0,3
1700240014,3528.0,420.0,3601.0,431.0,3
1700240014,3528.0,421.0,3602.0,434.0,3
1700240014,3529.0,422.0,3603.0,437.0,3
1700240014,3530.0,423.0,3603.0,439.0,3
1700240014,3531.0,425.0,3603.0,439.0,3
1700240014,3532.0,426.0,3603.0,439.0,3
1700240014,3533.0,427.0,3603.0,439.0,3
1700240014,3534.0,429.0,3603.0,439.0,3
1700240014,3534.0,430.0,3603.0,439.0,3
1700240014,3534.0,431.0,3603.0,439.0,3
1700240014,3535.0,432.0,3603.0,439.0,3
1700240014,3536.0,433.0,3603.0,439.0,3
1700240014,3536.0,434.0,3603.0,439.0,3
1700240014,3537.0,435.0,3603.0,439.0,3
1700240014,3537.0,435.0,3603.0,439.0,3
1700240015,3538.0,435.0,3603.0,439.0,3
1700240015,3538.0,435.0,3603.0,439.0,3
1700240015,3539.0,436.0,3603.0,439.0,3
1700240015,3539.0,436.0,3603.0,439.0,3
1700240015,3539.0,436.0,3603.0,439.0,3
1700240015,3540.0,434.0,3602.0,440.0,3
1700240015,3551.0,426.0,3602.0,440.0,3
1700240015,3556.0,419.0,3601.0,440.0,3
1700240015,3554.0,417.0,3601.0,440.0,3
1700240015,3557.0,413.0,3601.0,440.0,3
1700240015,3550.0,415.0,3601.0,440.0,3
1700240015,3545.0,416.0,3601.0,440.0,3
1700240016,3492.0,493.0,3553.0,546.0,3
1700240016,3492.0,497.0,3547.0,555.0,3
1700240017,3497.0,500.0,3545.0,559.0,3
1700240017,3505.0,503.0,3547.0,563.0,3
1700240017,3513.0,506.0,3548.0,564.0,3
1700240017,3521.0,508.0,3548.0,564.0,3
1700240017,3527.0,510.0,3548.0,564.0,3
1700240017,3545.0,515.0,3548.0,564.0,3
1700240017,3554.0,523.0,3558.0,564.0,3
1700240017,3561.0,531.0,3603.0,565.0,3
1700240017,3566.0,536.0,3633.0,565.0,3
1700240017,3570.0,541.0,3633.0,565.0,3
1700240017,3572.0,545.0,3633.0,565.0,3
1700240017,3574.0,549.0,3632.0,565.0,3
1700240017,3574.0,553.0,3629.0,565.0,3
1700240017,3576.0,556.0,3627.0,565.0,3
1700240017,3579.0,558.0,3625.0,565.0,3
1700240017,3582.0,559.0,3625.0,565.0,3
1700240017,3583.0,561.0,3625.0,565.0,3
1700240017,3585.0,562.0,3625.0,565.0,0
1700240017,3587.0,562.0,3625.0,565.0,0
1700240017,3589.0,563.0,3625.0,565.0,0
1700240017,3590.0,564.0,3625.0,565.0,3
1700240017,3591.0,564.0,3625.0,565.0,3
1700240017,3592.0,564.0,3624.0,557.0,3
1700240017,3592.0,564.0,3624.0,548.0,3
1700240017,3593.0,563.0,3629.0,527.0,3
1700240017,3593.0,563.0,3632.0,524.0,3
1700240017,3593.0,563.0,3632.0,524.0,3
1700240017,3593.0,563.0,3632.0,524.0,3
1700240017,3593.0,563.0,3632.0,524.0,3
1700240017,3593.0,563.0,3639.0,535.0,3
1700240017,3592.0,569.0,3643.0,557.0,3
1700240018,3557.0,507.0,3658.0,623.0,3
1700240018,3551.0,499.0,3658.0,620.0,3
1700240018,3544.0,488.0,3665.0,610.0,3
1700240018,3538.0,475.0,3666.0,610.0,3
1700240018,3532.0,461.0,3666.0,610.0,3
1700240018,3525.0,452.0,3666.0,610.0,3
1700240018,3522.0,446.0,3666.0,610.0,3
1700240018,3519.0,442.0,3666.0,610.0,3
1700240018,3518.0,438.0,3668.0,608.0,3
1700240018,3519.0,435.0,3668.0,603.0,3
1700240018,3519.0,433.0,3668.0,600.0,3
1700240019,3478.0,437.0,3668.0,598.0,3
1700240019,3278.0,476.0,3668.0,598.0,3
1700240019,2861.0,578.0,3668.0,598.0,3
1700240019,2624.0,659.0,3668.0,598.0,3
1700240019,2444.0,720.0,3668.0,598.0,3
1700240020,2278.0,678.0,3636.0,577.0,3
1700240020,2278.0,679.0,3636.0,575.0,3
1700240020,2278.0,680.0,3636.0,572.0,3
1700240020,2531.0,648.0,3641.0,569.0,3
1700240020,2441.0,664.0,3641.0,569.0,3
1700240020,2323.0,686.0,3641.0,569.0,3
1700240020,2248.0,699.0,3641.0,569.0,3
1700240020,2208.0,709.0,3641.0,569.0,3
1700240020,2187.0,713.0,3641.0,569.0,3
1700240020,2174.0,716.0,3641.0,569.0,3
1700240020,2168.0,718.0,3641.0,569.0,3
1700240020,2166.0,720.0,3638.0,568.0,3
1700240020,2163.0,721.0,3635.0,567.0,3
1700240020,2161.0,721.0,3634.0,567.0,3
1700240020,2162.0,721.0,3634.0,567.0,3
1700240020,2164.0,721.0,3634.0,567.0,3
1700240020,2165.0,720.0,3634.0,567.0,3
1700240020,2166.0,720.0,3634.0,567.0,3
1700240022,2201.0,747.0,3633.0,552.0,3
1700240022,2203.0,747.0,3633.0,552.0,3
1700240022,2209.0,745.0,3633.0,552.0,3
1700240022,2217.0,743.0,3633.0,552.0,3
1700240022,2227.0,741.0,3633.0,552.0,3
1700240022,2211.0,754.0,3633.0,552.0,3
1700240023,2190.0,785.0,3633.0,552.0,3
1700240025,2171.0,750.0,3633.0,552.0,3
1700240025,2238.0,741.0,3633.0,552.0,3
1700240025,2304.0,732.0,3633.0,552.0,3
1700240025,2313.0,732.0,3633.0,552.0,3
1700240025,2494.0,747.0,3633.0,552.0,3
1700240025,2584.0,803.0,3633.0,552.0,3
1700240025,2826.0,717.0,3633.0,552.0,3
1700240025,2677.0,756.0,3633.0,552.0,3
1700240025,3010.0,687.0,3633.0,552.0,3
1700240025,3052.0,687.0,3633.0,552.0,3
1700240025,3083.0,688.0,3633.0,552.0,3
1700240025,3030.0,694.0,3633.0,552.0,3
1700240025,2940.0,708.0,3633.0,552.0,3
1700240025,2733.0,744.0,3633.0,552.0,3
1700240025,2550.0,772.0,3633.0,552.0,3
1700240025,2440.0,781.0,3633.0,552.0,3
1700240025,2389.0,782.0,3633.0,552.0,3
1700240025,2361.0,777.0,3633.0,552.0,3
1700240025,2339.0,769.0,3633.0,552.0,3
1700240025,2323.0,765.0,3633.0,552.0,3
1700240025,2311.0,760.0,3633.0,552.0,3
1700240025,2296.0,757.0,3633.0,552.0,3
1700240025,2239.0,714.0,3633.0,552.0,3
1700240025,2297.0,774.0,3633.0,552.0,3
1700240025,2291.0,805.0,3633.0,552.0,3
1700240025,2298.0,816.0,3633.0,552.0,3
1700240025,2300.0,803.0,3633.0,552.0,3
1700240025,2308.0,796.0,3633.0,552.0,3
1700240025,2296.0,794.0,3633.0,552.0,3
1700240025,2278.0,791.0,3633.0,552.0,3
1700240025,2260.0,788.0,3633.0,552.0,3
1700240025,2247.0,785.0,3633.0,552.0,3
1700240025,2235.0,783.0,3596.0,562.0,3
1700240025,2229.0,783.0,3414.0,612.0,3
1700240025,2225.0,753.0,3195.0,648.0,3
1700240025,2221.0,757.0,2840.0,675.0,3
1700240025,2220.0,758.0,2585.0,710.0,3
1700240025,2220.0,759.0,2504.0,738.0,3
1700240025,2616.0,728.0,2500.0,739.0,3
1700240025,2218.0,770.0,2509.0,734.0,3
1700240025,2211.0,772.0,2509.0,734.0,3
1700240025,2205.0,772.0,2509.0,734.0,3
1700240025,2415.0,751.0,2509.0,734.0,3
1700240025,2355.0,759.0,2509.0,734.0,3
1700240025,2290.0,770.0,2509.0,734.0,3
1700240025,2244.0,774.0,2505.0,732.0,3
1700240025,2216.0,775.0,2421.0,737.0,3
1700240025,2197.0,779.0,2331.0,745.0,3
1700240025,2187.0,779.0,2314.0,750.0,3
1700240025,2181.0,780.0,2299.0,757.0,3
1700240026,2178.0,783.0,2262.0,768.0,3
1700240026,2182.0,782.0,2236.0,777.0,3
1700240026,2183.0,779.0,2236.0,777.0,3
1700240026,2184.0,779.0,2235.0,778.0,3
1700240026,2185.0,779.0,2235.0,779.0,3
1700240026,2185.0,779.0,2235.0,783.0,3
1700240026,2185.0,778.0,2236.0,784.0,3
1700240026,2185.0,778.0,2240.0,788.0,3
1700240026,2186.0,777.0,2244.0,792.0,3
1700240026,2186.0,778.0,2246.0,794.0,3
1700240026,2186.0,777.0,2247.0,796.0,3
1700240026,2187.0,777.0,2247.0,797.0,3
1700240026,2187.0,777.0,2247.0,797.0,3
1700240026,2187.0,776.0,2247.0,797.0,3
1700240026,2179.0,771.0,2247.0,797.0,3
1700240027,2268.0,848.0,2256.0,792.0,3
1700240027,2268.0,848.0,2256.0,792.0,3
1700240027,2269.0,848.0,2256.0,792.0,3
1700240027,2269.0,847.0,2256.0,792.0,3
1700240027,2270.0,846.0,2256.0,792.0,3
1700240027,2270.0,841.0,2257.0,792.0,3
1700240027,2268.0,828.0,2258.0,792.0,3
1700240027,2269.0,812.0,2260.0,792.0,3
1700240027,2272.0,797.0,2260.0,792.0,3
1700240027,2273.0,786.0,2262.0,792.0,3
1700240027,2278.0,781.0,2267.0,790.0,3
1700240027,2280.0,781.0,2267.0,790.0,3
1700240027,2278.0,784.0,2267.0,790.0,3
1700240027,2277.0,786.0,2267.0,790.0,3
1700240027,2277.0,788.0,2267.0,790.0,3
1700240027,2278.0,789.0,2267.0,790.0,3
1700240027,2277.0,790.0,2267.0,790.0,3
1700240027,2277.0,790.0,2279.0,795.0,3
1700240027,2278.0,791.0,2287.0,798.0,3
1700240027,2278.0,791.0,2290.0,798.0,3
1700240027,2278.0,792.0,2290.0,798.0,3
1700240027,2279.0,793.0,2290.0,798.0,3
1700240027,2280.0,795.0,2290.0,798.0,3
1700240029,3022.0,645.0,2290.0,798.0,3
1700240029,3049.0,626.0,2290.0,798.0,3
1700240029,3078.0,609.0,2290.0,798.0,3
1700240029,3100.0,593.0,2290.0,798.0,3
1700240029,3115.0,584.0,2290.0,798.0,3
1700240029,3130.0,576.0,2290.0,798.0,3
1700240029,3140.0,571.0,2290.0,798.0,3
1700240029,3147.0,570.0,2290.0,798.0,3
1700240029,3152.0,571.0,2290.0,798.0,3
1700240029,3146.0,574.0,2290.0,798.0,3
1700240029,3142.0,577.0,2290.0,798.0,3
1700240029,3138.0,578.0,2290.0,798.0,3
1700240029,3136.0,579.0,2290.0,798.0,3
1700240029,3126.0,584.0,2290.0,798.0,3
1700240029,3100.0,597.0,2290.0,798.0,3
1700240029,3072.0,608.0,2290.0,798.0,3
1700240029,3047.0,620.0,2290.0,798.0,3
1700240029,3027.0,632.0,2290.0,798.0,3
1700240029,3014.0,639.0,2290.0,798.0,3
1700240029,3010.0,646.0,2290.0,798.0,3
1700240030,2195.0,871.0,2290.0,798.0,3
1700240030,2199.0,874.0,2290.0,798.0,3
1700240030,2205.0,877.0,2290.0,798.0,3
1700240030,2211.0,879.0,2290.0,798.0,3
1700240030,2217.0,880.0,2290.0,798.0,3
1700240030,2222.0,880.0,2290.0,798.0,3
1700240030,2224.0,879.0,2290.0,798.0,3
1700240030,2226.0,879.0,2290.0,798.0,3
1700240030,2226.0,878.0,2290.0,798.0,3
1700240030,2227.0,878.0,2290.0,798.0,3
1700240030,2230.0,877.0,2290.0,798.0,3
1700240031,2229.0,872.0,2290.0,798.0,3
1700240031,2229.0,865.0,2290.0,798.0,3
1700240031,2229.0,856.0,2290.0,798.0,3
1700240031,2227.0,847.0,2290.0,798.0,3
1700240031,2225.0,841.0,2290.0,798.0,3
1700240031,2225.0,836.0,2290.0,798.0,3
1700240031,2217.0,829.0,2290.0,798.0,3
1700240031,2208.0,823.0,2290.0,798.0,3
1700240031,2197.0,816.0,2290.0,798.0,3
1700240031,2198.0,831.0,2290.0,798.0,3
1700240032,603.0,373.0,1642.0,632.0,3
1700240032,499.0,341.0,1642.0,632.0,3
1700240032,471.0,337.0,1642.0,632.0,3
1700240032,465.0,322.0,1642.0,632.0,3
1700240032,437.0,334.0,1647.0,632.0,3
1700240032,444.0,320.0,1652.0,627.0,3
1700240032,453.0,307.0,1653.0,626.0,3
1700240032,422.0,301.0,1653.0,626.0,3
1700240032,409.0,298.0,1653.0,626.0,3
1700240032,401.0,296.0,1653.0,626.0,3
1700240032,395.0,293.0,1653.0,626.0,3
1700240032,392.0,291.0,1653.0,626.0,3
1700240032,389.0,290.0,1653.0,626.0,3
1700240032,387.0,292.0,1653.0,626.0,3
1700240032,385.0,293.0,1653.0,626.0,3
1700240032,386.0,292.0,1653.0,626.0,3
1700240032,389.0,289.0,1653.0,626.0,3
1700240033,391.0,287.0,1653.0,626.0,3
1700240033,393.0,285.0,1653.0,626.0,3
1700240033,395.0,285.0,1653.0,626.0,3
1700240033,397.0,284.0,1653.0,626.0,3
1700240033,398.0,283.0,1653.0,626.0,3
1700240033,403.0,283.0,1653.0,626.0,3
1700240033,409.0,283.0,1653.0,626.0,3
1700240033,416.0,283.0,1653.0,626.0,3
1700240033,447.0,284.0,1653.0,626.0,3
1700240033,511.0,285.0,1653.0,626.0,3
1700240033,573.0,287.0,1653.0,626.0,3
1700240033,617.0,290.0,1653.0,626.0,3
1700240033,647.0,289.0,1653.0,626.0,3
1700240033,665.0,288.0,1653.0,626.0,3
1700240033,678.0,289.0,1653.0,626.0,3
1700240033,685.0,288.0,1653.0,626.0,3
1700240033,690.0,286.0,1653.0,626.0,3
1700240033,693.0,284.0,1653.0,626.0,3
1700240033,694.0,281.0,1653.0,626.0,3
1700240033,696.0,279.0,1658.0,629.0,3
1700240033,710.0,276.0,1661.0,635.0,3
1700240033,729.0,275.0,1660.0,634.0,3
1700240033,746.0,274.0,1660.0,634.0,3
1700240033,759.0,273.0,1660.0,634.0,3
1700240033,769.0,273.0,1660.0,634.0,3
1700240033,777.0,274.0,1660.0,634.0,3
1700240033,784.0,274.0,1660.0,634.0,3
1700240033,789.0,272.0,1660.0,634.0,3
1700240033,792.0,273.0,1658.0,634.0,3
1700240033,795.0,273.0,1658.0,636.0,3
1700240033,798.0,274.0,1666.0,637.0,3
1700240033,800.0,275.0,1738.0,634.0,3
1700240033,807.0,275.0,1913.0,634.0,3
1700240034,2241.0,772.0,2340.0,786.0,3
1700240034,2338.0,814.0,2306.0,786.0,3
1700240034,2322.0,813.0,2291.0,786.0,3
1700240034,2307.0,814.0,2287.0,786.0,3
1700240034,2293.0,812.0,2281.0,786.0,3
1700240034,2284.0,814.0,2279.0,786.0,3
1700240034,2278.0,820.0,2279.0,786.0,3
1700240034,2272.0,818.0,2279.0,786.0,3
1700240034,2268.0,822.0,2279.0,786.0,3
1700240034,2263.0,818.0,2278.0,791.0,3
1700240034,2259.0,816.0,2278.0,794.0,3
1700240034,2255.0,819.0,2278.0,794.0,3
1700240034,2241.0,777.0,2278.0,794.0,3
1700240034,2252.0,812.0,2278.0,794.0,3
1700240034,2364.0,755.0,2278.0,794.0,0
1700240034,2333.0,782.0,2278.0,794.0,0
1700240034,2532.0,725.0,2278.0,794.0,3
1700240034,2523.0,725.0,2278.0,794.0,3
1700240034,2421.0,764.0,2278.0,794.0,3
1700240035,2564.0,723.0,2278.0,794.0,3
1700240036,2132.0,1068.0,2278.0,794.0,3
1700240037,2369.0,924.0,2355.0,977.0,3
1700240037,2368.0,929.0,2355.0,977.0,0
1700240037,2365.0,935.0,2355.0,977.0,0
1700240037,2362.0,942.0,2356.0,978.0,3
1700240037,2362.0,951.0,2361.0,979.0,3
1700240037,2362.0,956.0,2352.0,959.0,3
1700240037,2361.0,962.0,2348.0,956.0,3
1700240038,2356.0,969.0,2348.0,956.0,3
1700240038,2357.0,973.0,2348.0,956.0,3
1700240038,2359.0,977.0,2348.0,956.0,3
1700240038,2375.0,1007.0,2348.0,956.0,3
1700240038,2367.0,1004.0,2348.0,956.0,3
1700240038,2372.0,1002.0,2348.0,951.0,3
1700240038,2565.0,945.0,2403.0,883.0,3
1700240038,2871.0,869.0,2450.0,835.0,3
1700240038,2996.0,820.0,2542.0,786.0,3
1700240038,3193.0,771.0,2661.0,760.0,3
1700240038,3361.0,743.0,2826.0,742.0,3
1700240039,2978.0,667.0,2988.0,629.0,3
1700240039,2973.0,665.0,2988.0,628.0,3
1700240039,2976.0,659.0,2988.0,628.0,3
1700240039,3009.0,646.0,2988.0,628.0,3
1700240039,3037.0,622.0,2988.0,628.0,3
1700240039,3030.0,550.0,2988.0,628.0,3
1700240039,2999.0,467.0,2987.0,628.0,3
1700240039,2977.0,428.0,2987.0,628.0,3
1700240039,2963.0,409.0,2985.0,626.0,3
1700240039,2955.0,402.0,2982.0,622.0,3
1700240039,2934.0,406.0,2981.0,621.0,3
1700240039,2898.0,416.0,2981.0,621.0,3
1700240039,2872.0,421.0,2981.0,621.0,0
1700240039,2851.0,423.0,2981.0,621.0,0
1700240039,2834.0,421.0,2981.0,621.0,3
1700240040,2825.0,418.0,2981.0,621.0,3
1700240040,2819.0,410.0,2981.0,621.0,3
1700240040,2815.0,403.0,2981.0,621.0,3
1700240040,2811.0,397.0,2981.0,621.0,3
1700240040,2808.0,392.0,2981.0,621.0,3
1700240040,2806.0,385.0,2981.0,621.0,3
1700240040,2806.0,381.0,2981.0,621.0,3
1700240040,2814.0,381.0,2981.0,621.0,3
1700240040,2823.0,382.0,2981.0,621.0,3
1700240040,2830.0,382.0,2981.0,621.0,3
1700240040,2835.0,382.0,2981.0,621.0,3
1700240040,2839.0,382.0,2981.0,621.0,3
1700240040,2844.0,381.0,2981.0,621.0,0
1700240040,2848.0,380.0,2981.0,621.0,0
1700240040,2852.0,379.0,2981.0,621.0,0
1700240040,2856.0,378.0,2981.0,621.0,3
1700240040,2861.0,376.0,2981.0,621.0,3
1700240040,2864.0,375.0,2981.0,621.0,3
1700240040,2866.0,375.0,2981.0,621.0,3
1700240040,2869.0,374.0,2981.0,621.0,3
1700240040,2870.0,373.0,2981.0,621.0,3
1700240040,2872.0,372.0,2981.0,621.0,3
1700240040,2874.0,370.0,2981.0,621.0,3
1700240040,2876.0,367.0,2981.0,621.0,3
1700240040,2877.0,365.0,2981.0,621.0,3
1700240040,2876.0,362.0,2981.0,621.0,3
1700240040,2875.0,354.0,2981.0,621.0,3
1700240040,2875.0,345.0,2981.0,621.0,0
1700240040,2874.0,339.0,2981.0,621.0,0
1700240040,2874.0,334.0,2981.0,621.0,0
1700240040,2873.0,329.0,2981.0,621.0,3
1700240040,2872.0,325.0,2981.0,621.0,3
1700240040,2872.0,323.0,2981.0,621.0,3
1700240041,2871.0,321.0,2981.0,621.0,3
1700240041,2870.0,319.0,2981.0,621.0,3
1700240041,2870.0,316.0,2981.0,621.0,3
1700240041,2869.0,314.0,2981.0,621.0,3
1700240041,2869.0,314.0,2981.0,621.0,3
1700240041,2869.0,313.0,2981.0,621.0,3
1700240041,2868.0,312.0,2981.0,621.0,3
1700240041,2877.0,311.0,2981.0,621.0,3
1700240041,2892.0,309.0,2981.0,621.0,3
1700240041,2908.0,307.0,2981.0,621.0,3
1700240041,2923.0,305.0,2981.0,621.0,3
1700240041,2935.0,304.0,2981.0,621.0,3
1700240041,2946.0,303.0,2981.0,621.0,3
1700240041,2953.0,302.0,2981.0,621.0,3
1700240041,2952.0,303.0,2981.0,621.0,3
1700240041,2948.0,303.0,2981.0,621.0,3
1700240041,2945.0,303.0,2981.0,621.0,3
1700240041,2943.0,303.0,2981.0,621.0,3
1700240041,2942.0,303.0,2981.0,621.0,3
1700240041,2941.0,303.0,2981.0,621.0,3
1700240041,2940.0,303.0,2981.0,621.0,3
1700240041,2940.0,315.0,2981.0,621.0,3
1700240041,2977.0,452.0,2981.0,621.0,3
1700240041,3087.0,612.0,2990.0,630.0,3
1700240041,3171.0,695.0,2993.0,630.0,3
1700240041,3195.0,740.0,2996.0,615.0,3
1700240041,3215.0,762.0,2996.0,615.0,3
1700240043,3026.0,463.0,2966.0,835.0,3
1700240043,3038.0,451.0,2966.0,835.0,3
1700240043,3113.0,405.0,2966.0,835.0,3
1700240043,3132.0,379.0,2966.0,835.0,3
1700240043,3072.0,380.0,2966.0,835.0,3
1700240043,3036.0,379.0,2967.0,835.0,3
1700240043,2989.0,420.0,3025.0,835.0,3
1700240043,2983.0,438.0,3077.0,839.0,3
1700240043,2997.0,543.0,3128.0,847.0,3
1700240043,3021.0,677.0,3142.0,848.0,3
1700240043,3035.0,757.0,3142.0,848.0,3
1700240043,3044.0,796.0,3142.0,848.0,3
1700240043,3051.0,820.0,3142.0,848.0,3
1700240043,3067.0,834.0,3142.0,848.0,3
1700240043,3083.0,839.0,3142.0,848.0,3
1700240043,3092.0,841.0,3142.0,848.0,3
1700240043,3096.0,840.0,3142.0,848.0,3
1700240043,3101.0,840.0,3142.0,848.0,3
1700240043,3104.0,841.0,3143.0,846.0,3
1700240043,3109.0,841.0,3143.0,846.0,3
1700240043,3113.0,841.0,3143.0,845.0,3
1700240043,3116.0,841.0,3143.0,845.0,3
1700240043,3118.0,842.0,3143.0,845.0,3
1700240043,3120.0,843.0,3143.0,843.0,3
1700240043,3121.0,843.0,3143.0,842.0,3
1700240043,3122.0,842.0,3143.0,842.0,0
1700240043,3122.0,841.0,3143.0,842.0,0
1700240043,3123.0,841.0,3143.0,842.0,3
1700240043,3124.0,841.0,3146.0,839.0,3
1700240043,3124.0,840.0,3151.0,835.0,3
1700240043,3125.0,840.0,3151.0,835.0,3
1700240043,3125.0,840.0,3151.0,835.0,3
1700240043,3125.0,841.0,3151.0,835.0,3
1700240044,3126.0,841.0,3151.0,835.0,3
1700240044,3126.0,841.0,3151.0,835.0,3
1700240044,3126.0,841.0,3143.0,837.0,3
1700240044,3126.0,841.0,3107.0,847.0,3
1700240044,3126.0,841.0,3070.0,859.0,3
1700240044,3125.0,840.0,3070.0,859.0,3
1700240044,3124.0,840.0,3075.0,859.0,3
1700240044,3123.0,840.0,3078.0,856.0,3
1700240044,3117.0,840.0,3075.0,854.0,3
1700240044,3097.0,841.0,3064.0,855.0,3
1700240044,3072.0,841.0,3034.0,860.0,3
1700240044,3049.0,841.0,2996.0,864.0,3
1700240044,3023.0,842.0,2972.0,864.0,3
1700240044,3015.0,839.0,2969.0,864.0,3
1700240044,3024.0,838.0,2960.0,862.0,3
1700240044,3028.0,839.0,2956.0,861.0,3
1700240044,3018.0,840.0,2956.0,861.0,3
1700240044,3013.0,840.0,2950.0,862.0,3
1700240044,3026.0,838.0,2950.0,862.0,3
1700240044,3047.0,837.0,2950.0,862.0,3
1700240044,3066.0,836.0,2950.0,862.0,3
1700240044,3082.0,835.0,2950.0,862.0,3
1700240044,3090.0,835.0,2950.0,864.0,3
1700240044,3093.0,835.0,2953.0,865.0,3
1700240044,3096.0,832.0,2953.0,865.0,3
1700240044,3115.0,772.0,2953.0,865.0,3
1700240044,3146.0,632.0,2953.0,865.0,3
1700240044,3167.0,522.0,2953.0,865.0,3
1700240044,3177.0,463.0,2953.0,865.0,3
1700240044,3184.0,435.0,2953.0,865.0,3
1700240044,3188.0,419.0,2953.0,865.0,3
1700240044,3192.0,409.0,2953.0,865.0,3
1700240044,3195.0,405.0,2953.0,865.0,3
1700240045,3199.0,400.0,2955.0,867.0,3
1700240045,3197.0,393.0,2955.0,867.0,3
1700240045,3170.0,392.0,2955.0,867.0,3
1700240045,3150.0,391.0,2955.0,867.0,3
1700240045,3134.0,389.0,2955.0,867.0,3
1700240045,3124.0,385.0,2955.0,867.0,3
1700240045,3116.0,383.0,2955.0,867.0,3
1700240045,3099.0,380.0,2955.0,867.0,3
1700240045,3098.0,372.0,2955.0,867.0,3
1700240045,3121.0,361.0,2955.0,867.0,3
1700240045,3149.0,349.0,2955.0,867.0,0
1700240045,3178.0,337.0,2955.0,867.0,0
1700240045,3201.0,328.0,2955.0,867.0,0
1700240045,3217.0,321.0,2955.0,867.0,3
1700240045,3227.0,315.0,2955.0,867.0,3
1700240045,3233.0,312.0,2958.0,866.0,3
1700240045,3243.0,310.0,2981.0,864.0,3
1700240045,3241.0,311.0,3005.0,864.0,3
1700240045,3227.0,314.0,3051.0,868.0,3
1700240045,3203.0,320.0,3101.0,883.0,3
1700240045,3172.0,327.0,3140.0,888.0,3
1700240045,3170.0,397.0,3143.0,889.0,3
1700240045,3220.0,567.0,3143.0,889.0,3
1700240045,3250.0,707.0,3143.0,889.0,3
1700240045,3260.0,788.0,3143.0,889.0,3
1700240045,3270.0,822.0,3143.0,889.0,3
1700240045,3270.0,839.0,3143.0,889.0,3
1700240045,3269.0,848.0,3143.0,889.0,3
1700240045,3261.0,856.0,3143.0,889.0,3
1700240045,3261.0,860.0,3144.0,883.0,3
1700240045,3259.0,865.0,3144.0,882.0,3
1700240045,3242.0,873.0,3144.0,881.0,3
1700240045,3192.0,884.0,3144.0,881.0,3
1700240046,3156.0,891.0,3144.0,881.0,0
1700240046,3106.0,903.0,3145.0,880.0,0
1700240046,3059.0,915.0,3145.0,880.0,0
1700240046,3028.0,919.0,3145.0,880.0,3
1700240046,3007.0,923.0,3137.0,880.0,3
1700240046,2996.0,925.0,3079.0,894.0,3
1700240046,2987.0,926.0,3029.0,909.0,3
1700240046,2982.0,925.0,2999.0,919.0,3
1700240046,2975.0,928.0,2994.0,922.0,3
1700240046,2969.0,930.0,2977.0,922.0,3
1700240046,2966.0,929.0,2947.0,922.0,3
1700240046,2963.0,929.0,2939.0,921.0,3
1700240046,2961.0,927.0,2937.0,921.0,3
1700240046,3083.0,904.0,2961.0,912.0,3
1700240046,3067.0,904.0,2962.0,911.0,0
1700240046,3044.0,905.0,2962.0,911.0,0
1700240046,3013.0,908.0,2962.0,911.0,0
1700240046,2992.0,910.0,2962.0,911.0,3
1700240046,2978.0,913.0,2962.0,911.0,3
1700240046,2967.0,913.0,2962.0,911.0,3
1700240046,2959.0,914.0,2972.0,911.0,3
1700240046,2954.0,914.0,2998.0,912.0,3
1700240046,2951.0,915.0,3025.0,917.0,3
1700240046,2949.0,915.0,3078.0,930.0,3
1700240046,2948.0,915.0,3121.0,942.0,3
1700240046,2949.0,915.0,3130.0,944.0,3
1700240046,2953.0,914.0,3139.0,950.0,3
1700240047,2993.0,916.0,3153.0,957.0,3
1700240047,3023.0,927.0,3170.0,963.0,3
1700240047,3056.0,939.0,3186.0,969.0,3
1700240047,3084.0,946.0,3188.0,971.0,3
1700240047,3128.0,948.0,3188.0,972.0,3
1700240047,3185.0,946.0,3188.0,977.0,3
1700240047,3200.0,950.0,3188.0,979.0,3
1700240047,3250.0,939.0,3188.0,979.0,3
1700240047,3262.0,887.0,3188.0,979.0,3
1700240047,3261.0,835.0,3188.0,979.0,0
1700240047,3265.0,796.0,3188.0,979.0,0
1700240047,3263.0,770.0,3188.0,979.0,0
1700240047,3264.0,756.0,3188.0,979.0,0
1700240047,3262.0,748.0,3188.0,979.0,3
1700240047,3263.0,743.0,3188.0,977.0,3
1700240047,3264.0,738.0,3186.0,965.0,3
1700240047,3262.0,736.0,3185.0,964.0,3
1700240047,3265.0,735.0,3185.0,964.0,3
1700240047,3266.0,732.0,3185.0,964.0,3
1700240047,3270.0,731.0,3185.0,964.0,3
1700240047,3269.0,731.0,3185.0,964.0,3
1700240047,3268.0,732.0,3185.0,964.0,3
1700240047,3267.0,733.0,3185.0,964.0,3
1700240047,3267.0,734.0,3185.0,964.0,3
1700240047,3269.0,735.0,3191.0,964.0,3
1700240047,3301.0,740.0,3197.0,964.0,3
1700240047,3334.0,750.0,3209.0,963.0,3
1700240047,3363.0,760.0,3225.0,952.0,3
1700240047,3381.0,770.0,3299.0,925.0,3
1700240047,3394.0,776.0,3394.0,884.0,3
1700240047,3404.0,779.0,3486.0,856.0,3
1700240047,3409.0,783.0,3518.0,849.0,3
1700240047,3410.0,789.0,3521.0,849.0,3
1700240048,3411.0,795.0,3515.0,847.0,3
1700240048,3411.0,800.0,3513.0,848.0,3
1700240048,3410.0,803.0,3513.0,848.0,3
1700240048,3410.0,804.0,3513.0,848.0,3
1700240048,3411.0,806.0,3513.0,848.0,3
1700240048,3412.0,807.0,3513.0,848.0,3
1700240048,3425.0,804.0,3513.0,848.0,3
1700240048,3429.0,807.0,3526.0,831.0,3
1700240048,3432.0,806.0,3527.0,830.0,3
1700240048,3406.0,791.0,3526.0,829.0,3
1700240048,3214.0,685.0,3468.0,819.0,3
1700240048,3077.0,616.0,3348.0,795.0,3
1700240048,2973.0,564.0,3208.0,741.0,3
1700240048,2909.0,529.0,3095.0,681.0,3
1700240048,2854.0,490.0,3056.0,654.0,3
1700240048,2886.0,411.0,3046.0,636.0,3
1700240048,2883.0,350.0,3046.0,631.0,3
1700240048,2889.0,329.0,3045.0,627.0,3
1700240048,2863.0,331.0,3035.0,620.0,3
1700240048,2808.0,344.0,3027.0,620.0,3
1700240048,2779.0,357.0,3025.0,620.0,3
1700240048,2779.0,360.0,3025.0,620.0,3
1700240048,2824.0,363.0,3020.0,620.0,3
1700240048,2873.0,367.0,3006.0,620.0,3
1700240048,2913.0,371.0,2987.0,622.0,3
1700240048,2941.0,379.0,2979.0,622.0,3
1700240048,2963.0,388.0,2977.0,622.0,3
1700240048,2981.0,398.0,2977.0,622.0,3
1700240049,2992.0,406.0,2977.0,622.0,3
1700240049,2999.0,415.0,2977.0,622.0,3
1700240049,3005.0,423.0,2977.0,622.0,3
1700240049,3011.0,429.0,2977.0,622.0,3
1700240049,3000.0,440.0,2978.0,622.0,3
1700240049,2969.0,450.0,2988.0,620.0,3
1700240049,2934.0,455.0,2993.0,618.0,3
1700240049,2905.0,455.0,2993.0,618.0,3
1700240049,2889.0,451.0,2993.0,618.0,0
1700240049,2879.0,444.0,2993.0,618.0,0
1700240049,2874.0,438.0,2993.0,618.0,0
1700240049,2872.0,431.0,2993.0,618.0,3
1700240049,2872.0,423.0,2993.0,618.0,3
1700240049,2873.0,415.0,2993.0,618.0,3
1700240049,2875.0,407.0,2993.0,618.0,3
1700240049,2875.0,401.0,2993.0,618.0,3
1700240049,2876.0,395.0,2993.0,618.0,3
1700240049,2878.0,389.0,2993.0,618.0,3
1700240049,2879.0,384.0,2993.0,618.0,3
1700240049,2881.0,380.0,2993.0,618.0,3
1700240049,2873.0,379.0,2993.0,618.0,3
1700240049,2864.0,381.0,2993.0,618.0,3
1700240049,2856.0,381.0,2993.0,618.0,3
1700240049,2848.0,381.0,2993.0,618.0,3
1700240049,2850.0,380.0,2993.0,618.0,3
1700240049,2863.0,376.0,2993.0,618.0,3
1700240049,2857.0,377.0,2993.0,618.0,3
1700240049,2862.0,375.0,2993.0,618.0,3
1700240049,2905.0,367.0,2993.0,618.0,3
1700240049,2950.0,360.0,2993.0,618.0,3
1700240049,3420.0,290.0,2993.0,618.0,0
1700240049,3455.0,297.0,2993.0,618.0,0
1700240049,3443.0,286.0,2993.0,618.0,0
1700240050,3132.0,340.0,2993.0,618.0,3
1700240050,3137.0,341.0,2993.0,618.0,3
1700240050,3124.0,346.0,2993.0,618.0,3
1700240050,3115.0,349.0,2993.0,618.0,3
1700240050,3119.0,350.0,2993.0,618.0,3
1700240050,3112.0,352.0,2993.0,618.0,3
1700240050,3059.0,365.0,2993.0,618.0,3
1700240050,3000.0,376.0,2993.0,618.0,3
1700240050,2931.0,375.0,2993.0,618.0,3
1700240050,2880.0,374.0,2993.0,618.0,3
1700240050,2849.0,369.0,2993.0,618.0,3
1700240050,2820.0,360.0,2993.0,618.0,3
1700240050,2791.0,347.0,2993.0,618.0,3
1700240050,2772.0,334.0,3106.0,605.0,3
1700240050,2765.0,325.0,3327.0,632.0,3
1700240050,2811.0,354.0,3524.0,672.0,3
1700240050,2979.0,484.0,3598.0,700.0,3
1700240050,3217.0,658.0,3600.0,720.0,3
1700240050,3349.0,744.0,3565.0,737.0,3
1700240050,3406.0,786.0,3549.0,746.0,3
1700240050,3432.0,806.0,3542.0,755.0,3
1700240050,3439.0,814.0,3539.0,758.0,3
1700240050,3442.0,816.0,3536.0,760.0,3
1700240050,3448.0,815.0,3532.0,765.0,3
1700240050,3444.0,815.0,3528.0,777.0,3
1700240050,3434.0,816.0,3526.0,788.0,3
1700240050,3428.0,815.0,3526.0,800.0,3
1700240050,3425.0,816.0,3525.0,808.0,3
1700240050,3423.0,816.0,3525.0,811.0,3
1700240050,3423.0,815.0,3525.0,812.0,3
1700240050,3422.0,814.0,3525.0,813.0,3
1700240050,3421.0,815.0,3525.0,813.0,3
1700240050,3422.0,815.0,3525.0,813.0,3
1700240051,3430.0,814.0,3525.0,813.0,3
1700240051,3439.0,813.0,3525.0,813.0,3
1700240051,3449.0,813.0,3525.0,813.0,0
1700240051,3457.0,812.0,3525.0,813.0,0
1700240051,3464.0,812.0,3525.0,813.0,0
1700240051,3472.0,812.0,3525.0,813.0,0
